sigma,residues,poles,poly_type,pole_2,res_2,remainder
0.01,,,0_0,,,
0.01,,,0_1,,,
0.01,,,0_2,,,
0.01,,,0_3,,,
0.01,-4.007186252283012,4.007186252283012,1_0,,,0.0
0.01,-0.7506252913927967,1.734328500684096,1_1,,,0.5671954355263626
0.01,-1.4235447312834821,2.1467460345706724,1_2,,,0.20948916985695024
0.01,-1.6038953256915514,2.290862184018421,2_0,(-5.348588660739136+0j),(1.6038953256915514+0j),0.2099490340712379
0.01,-1.2459496323366628,2.073233729717456,2_1,(-9.89689356054517+0j),(3.949165276809001+0j),0.32991840279104967
0.01,-1.3490647197912689,2.122293156454724,3_0,(-4.8563623966736404+4.49871730802106j),(0.6745323598956343-1.0463713714034533j),0.136562889551344
0.0109749876549305,,,0_0,,,
0.0109749876549305,,,0_1,,,
0.0109749876549305,,,0_2,,,
0.0109749876549305,,,0_3,,,
0.0109749876549305,-4.007887199010222,4.007887199010222,1_0,,,0.0
0.0109749876549305,-0.7506862688986722,1.7345506298726867,1_1,,,0.5672157064946721
0.0109749876549305,-1.4236217788646404,2.147001583494893,1_2,,,0.20954532172028117
0.0109749876549305,-1.604120261338563,2.291206170525008,2_0,(-5.349214984476953+0j),(1.604120261338563+0j),0.20995181139830127
0.0109749876549305,-1.246041189066875,2.0734913815551597,2_1,(-9.899392347878816+0j),(3.9504645047647977+0j),0.3299509620270536
0.0109749876549305,-1.3492092164492309,2.122578026711735,3_0,(-4.856239418644524+4.499157304374012j),(0.6746046082246153-1.04640537996275j),0.1365683660396871
0.0120450354025878,,,0_0,,,
0.0120450354025878,,,0_1,,,
0.0120450354025878,,,0_2,,,
0.0120450354025878,,,0_3,,,
0.0120450354025878,-4.008656547677287,4.008656547677287,1_0,,,0.0
0.0120450354025878,-0.7507532116672896,1.734794448238705,1_1,,,0.5672379442823838
0.0120450354025878,-1.4237070660430644,2.147282431734742,1_2,,,0.20960658364573914
0.0120450354025878,-1.604367156693368,2.2915837332200826,2_0,(-5.349902496492176+0j),(1.604367156693368+0j),0.2099548580556404
0.0120450354025878,-1.246142062226375,2.073774415800746,2_1,(-9.902127268807863+0j),(3.951886393444563+0j),0.32998654276892697
0.0120450354025878,-1.3493680226900162,2.122890848994955,3_0,(-4.856108866111606+4.49964061178643j),(0.6746840113450081-1.0464434672026766j),0.13657435308032037
0.0132194114846602,,,0_0,,,
0.0132194114846602,,,0_1,,,
0.0132194114846602,,,0_2,,,
0.0132194114846602,,,0_3,,,
0.0132194114846602,-4.009500979756255,4.009500979756255,1_0,,,0.0
0.0132194114846602,-0.7508266667028679,1.7350620322548334,1_1,,,0.5672623498497534
0.0132194114846602,-1.4237996619472075,2.147590159292056,1_2,,,0.20967429640569046
0.0132194114846602,-1.6046381280718398,2.2919981222721377,2_0,(-5.3506570174277694+0j),(1.6046381280718398+0j),0.20995820153345907
0.0132194114846602,-1.2462522294938394,2.074084712940772,2_1,(-9.905140489024573+0j),(3.9534532985847863+0j),0.33002579314863967
0.0132194114846602,-1.3495420360799644,2.1232339753824907,3_0,(-4.855960286084492+4.500170350867269j),(0.6747710180399821-1.0464843883079433j),0.13658095093811493
0.0145082877849593,,,0_0,,,
0.0145082877849593,,,0_1,,,
0.0145082877849593,,,0_2,,,
0.0145082877849593,,,0_3,,,
0.0145082877849593,-4.010427830679726,4.010427830679726,1_0,,,0.0
0.0145082877849593,-0.7509073178309192,1.7353557576733898,1_1,,,0.5672891195303557
0.0145082877849593,-1.4239013696476859,2.147927960412008,1_2,,,0.2097485656741326
0.0145082877849593,-1.604935564706427,2.2924529730114536,2_0,(-5.351485304021162+0j),(1.604935564706427+0j),0.20996186867817887
0.0145082877849593,-1.2463731948570451,2.0744253263078147,2_1,(-9.908447715796573+0j),(3.9551731008978255+0j),0.330068848013367
0.0145082877849593,-1.3497330723603223,2.123610620887289,3_0,(-4.855798148417369+4.500751814254615j),(0.674866536180161-1.0465294722113316j),0.13658818649141063
0.0159228279334109,,,0_0,,,
0.0159228279334109,,,0_1,,,
0.0159228279334109,,,0_2,,,
0.0159228279334109,,,0_3,,,
0.0159228279334109,-4.011445154108987,4.011445154108987,1_0,,,0.0
0.0159228279334109,-0.7509958605989976,1.735678168830776,1_1,,,0.5673184844487045
0.0159228279334109,-1.4240126363543464,2.14829854494595,1_2,,,0.2098302430345609
0.0159228279334109,-1.6052620459606646,2.2929522319639988,2_0,(-5.352394531852099+0j),(1.6052620459606646+0j),0.20996589109051925
0.0159228279334109,-1.2465057748980506,2.074799064260717,2_1,(-9.912082635425703+0j),(3.9570634438553256+0j),0.3301161672396286
0.0159228279334109,-1.3499426684331008,2.124023964442662,3_0,(-4.855618739307507+4.501389757730313j),(0.6749713342165504-1.046578723829609j),0.13659613423939806
0.0174752840000768,,,0_0,,,
0.0174752840000768,,,0_1,,,
0.0174752840000768,,,0_2,,,
0.0174752840000768,,,0_3,,,
0.0174752840000768,-4.012561792596804,4.012561792596804,1_0,,,0.0
0.0174752840000768,-0.7510930451012583,1.7360320433271088,1_1,,,0.5673507018558327
0.0174752840000768,-1.424134917591931,2.1487053662161006,1_2,,,0.20991977898459394
0.0174752840000768,-1.6056203929685717,2.2935002210476068,2_0,(-5.353392519847028+0j),(1.6056203929685717+0j),0.20997030393559896
0.0174752840000768,-1.2466513664725796,2.075209318709369,2_1,(-9.916071087301216+0j),(3.9591377507106205+0j),0.33016805684288036
0.0174752840000768,-1.350172768894945,2.1244776814232007,3_0,(-4.855423434176852+4.502089888631719j),(0.6750863844474725-1.0466330803011594j),0.1366048477395512
0.0191791026167248,,,0_0,,,
0.0191791026167248,,,0_1,,,
0.0191791026167248,,,0_2,,,
0.0191791026167248,,,0_3,,,
0.0191791026167248,-4.0137874552385515,4.0137874552385515,1_0,,,0.0
0.0191791026167248,-0.7511996953236083,1.7364204310790985,1_1,,,0.5673860535856657
0.0191791026167248,-1.424268958381063,2.1491517865576544,1_2,,,0.21001808957880705
0.0191791026167248,-1.606013703457752,2.294101685752646,2_0,(-5.354487855108725+0j),(1.606013703457752+0j),0.20997514572822604
0.0191791026167248,-1.2468110542189264,2.0756595320251323,2_1,(-9.920451134694085+0j),(3.9614159717801343+0j),0.3302250272473962
0.0191791026167248,-1.3504252742867013,2.124975634674511,3_0,(-4.855208965543352+4.502857992360146j),(0.6752126371433506-1.04669275816761j),0.13661441050612755
0.0210490414451202,,,0_0,,,
0.0210490414451202,,,0_1,,,
0.0210490414451202,,,0_2,,,
0.0210490414451202,,,0_3,,,
0.0210490414451202,-4.015132803063505,4.015132803063505,1_0,,,0.0
0.0210490414451202,-0.7513167853783733,1.7368467607894857,1_1,,,0.5674248285226606
0.0210490414451202,-1.4244032014460601,2.1496353048671373,1_2,,,0.21013233300433737
0.0210490414451202,-1.6064454335294218,2.2947618924911617,2_0,(-5.355690271870533+0j),(1.6064454335294218+0j),0.20998045592818282
0.0210490414451202,-1.246979548687502,2.0761494436258148,2_1,(-9.925406244690876+0j),(3.9639959822726882+0j),0.33029017947494677
0.0210490414451202,-1.3506989075860667,2.1255196105808296,3_0,(-4.854902244687459+4.503693692337377j),(0.6753494537930335-1.0467461619828216j),0.1366252743301122
0.0231012970008316,,,0_0,,,
0.0231012970008316,,,0_1,,,
0.0231012970008316,,,0_2,,,
0.0231012970008316,,,0_3,,,
0.0231012970008316,-4.016609542928867,4.016609542928867,1_0,,,0.0
0.0231012970008316,-0.7514453490428636,1.7373147555797366,1_1,,,0.5674673534951307
0.0231012970008316,-1.424578695629572,2.150180190570584,1_2,,,0.21024375338979626
0.0231012970008316,-1.60691934968482,2.2954865949523926,2_0,(-5.357010301786472+0j),(1.60691934968482+0j),0.2099862791672106
0.0231012970008316,-1.2471793154800463,2.0766964907277226,2_1,(-9.930527253215894+0j),(3.9666571174881167+0j),0.3303558925924803
0.0231012970008316,-1.351007041180305,2.126122425068925,3_0,(-4.854725016997509+4.504626700750929j),(0.6755035205901524-1.0468319212849624j),0.13663636859124462
0.0253536449397011,,,0_0,,,
0.0253536449397011,,,0_1,,,
0.0253536449397011,,,0_2,,,
0.0253536449397011,,,0_3,,,
0.0253536449397011,-4.018230530784063,4.018230530784063,1_0,,,0.0
0.0253536449397011,-0.7515864454150685,1.7378284154341295,1_1,,,0.567514008437183
0.0253536449397011,-1.4247566590939795,2.150770872386441,1_2,,,0.2103732282500165
0.0253536449397011,-1.6074395275735518,2.2962820496340473,2_0,(-5.358459175833543+0j),(1.6074395275735518+0j),0.20999266731911778
0.0253536449397011,-1.2473908357041636,2.077292072097576,2_1,(-9.93631553747858+0j),(3.9696683295102875+0j),0.33043099612692767
0.0253536449397011,-1.3513412218247984,2.126781116106946,3_0,(-4.854449614087788+4.505642144231109j),(0.6756706109123992-1.046912355973635j),0.13664896251734862
0.0278255940220712,,,0_0,,,
0.0278255940220712,,,0_1,,,
0.0278255940220712,,,0_2,,,
0.0278255940220712,,,0_3,,,
0.0278255940220712,-4.020009885302535,4.020009885302535,1_0,,,0.0
0.0278255940220712,-0.7517413363357884,1.7383922466636834,1_1,,,0.5675651811157534
0.0278255940220712,-1.42495156281055,2.151419000282283,1_2,,,0.21051547940930415
0.0278255940220712,-1.6080105209167412,2.297155206691311,2_0,(-5.360049662701189+0j),(1.6080105209167412+0j),0.20999967329388122
0.0278255940220712,-1.2476227644819302,2.0779456540282877,2_1,(-9.942675670295587+0j),(3.9729774339274986+0j),0.3305134840150176
0.0278255940220712,-1.351707939958465,2.1275040561900416,3_0,(-4.854146711423802+4.506756157490548j),(0.6758539699792325-1.047000597194007j),0.13666278538842633
0.0305385550883341,,,0_0,,,
0.0305385550883341,,,0_1,,,
0.0305385550883341,,,0_2,,,
0.0305385550883341,,,0_3,,,
0.0305385550883341,-4.021963112825591,4.021963112825591,1_0,,,0.0
0.0305385550883341,-0.7519113396740484,1.7390111190801214,1_1,,,0.567621315686708
0.0305385550883341,-1.4251658138975327,2.1521305514115485,1_2,,,0.2106713541694302
0.0305385550883341,-1.6086372767669415,2.2981136438066607,2_0,(-5.361795487706878+0j),(1.6086372767669415+0j),0.21000735767854822
0.0305385550883341,-1.2478774721706432,2.078663131109552,2_1,(-9.949654812053833+0j),(3.976609006787249+0j),0.33060391532528954
0.0305385550883341,-1.3521105680546703,2.1282976595612095,3_0,(-4.853818198626913+4.507978615550786j),(0.6760552840273352-1.0470982056871192j),0.13667793303272432
0.0335160265093884,,,0_0,,,
0.0335160265093884,,,0_1,,,
0.0335160265093884,,,0_2,,,
0.0335160265093884,,,0_3,,,
0.0335160265093884,-4.024107244986516,4.024107244986516,1_0,,,0.0
0.0335160265093884,-0.752097974235995,1.7396904630027576,1_1,,,0.5676828779426362
0.0335160265093884,-1.4253976023117978,2.152909881021968,1_2,,,0.21084401020956586
0.0335160265093884,-1.6093252847171504,2.2991657408244253,2_0,(-5.363712040525491+0j),(1.6093252847171504+0j),0.21001578397008527
0.0335160265093884,-1.2481552506930684,2.0794495519819423,2_1,(-9.957356703803365+0j),(3.9806177918011727+0j),0.3307038185389043
0.0335160265093884,-1.352551629178055,2.1291681207409083,3_0,(-4.853441295399804+4.5093180632577825j),(0.6762758145890274-1.0472026600505564j),0.1366946391723028
0.0367837977182863,,,0_0,,,
0.0367837977182863,,,0_1,,,
0.0367837977182863,,,0_2,,,
0.0367837977182863,,,0_3,,,
0.0367837977182863,-4.026460990131677,4.026460990131677,1_0,,,0.0
0.0367837977182863,-0.7523028467566015,1.7404361709728011,1_1,,,0.5677503953873191
0.0367837977182863,-1.4256588989768095,2.1537687694608034,1_2,,,0.21102998694020866
0.0367837977182863,-1.6100805254256692,2.3003206518407526,2_0,(-5.365815955961988+0j),(1.6100805254256692+0j),0.21002502405017126
0.0367837977182863,-1.2484637443720872,2.0803150347477053,2_1,(-9.965735371487911+0j),(3.9849780873787455+0j),0.3308120050133551
0.0367837977182863,-1.3530376990396036,2.1301250254503423,3_0,(-4.853069175033552+4.51079162153086j),(0.676518849519802-1.0473244837857107j),0.13671275448858092
0.0403701725859655,,,0_0,,,
0.0403701725859655,,,0_1,,,
0.0403701725859655,,,0_2,,,
0.0403701725859655,,,0_3,,,
0.0403701725859655,-4.029044900086029,4.029044900086029,1_0,,,0.0
0.0403701725859655,-0.7525277591698735,1.7412547574253878,1_1,,,0.5678244346722946
0.0403701725859655,-1.425942280263078,2.154709814670627,1_2,,,0.21123566007487057
0.0403701725859655,-1.6109095973172265,2.3015884615944784,2_0,(-5.368125671164032+0j),(1.6109095973172265+0j),0.21003515508313245
0.0403701725859655,-1.2488005254312535,2.0812639120772536,2_1,(-9.974975277549897+0j),(3.9897879615716354+0j),0.33093138737694733
0.0403701725859655,-1.3535703611896115,2.1311747622749286,3_0,(-4.852645248549763+4.512406452229068j),(0.6767851805948057-1.0474557062413465j),0.13673271184893795
0.0443062145758388,,,0_0,,,
0.0443062145758388,,,0_1,,,
0.0443062145758388,,,0_2,,,
0.0443062145758388,,,0_3,,,
0.0443062145758388,-4.031881553849432,4.031881553849432,1_0,,,0.0
0.0443062145758388,-0.7527746771137681,1.7421533614638993,1_1,,,0.5679056196974385
0.0443062145758388,-1.4262532709720008,2.1557427487841228,1_2,,,0.21146126025701212
0.0443062145758388,-1.6118197376648762,2.3029802368146717,2_0,(-5.37066138142469+0j),(1.6118197376648762+0j),0.21004626197733373
0.0443062145758388,-1.2491701272764446,2.082305456046018,2_1,(-9.98512314437013+0j),(3.9950713424561277+0j),0.3310623559287814
0.0443062145758388,-1.3541551129209533,2.132327109367612,3_0,(-4.852184021820804+4.514178161904134j),(0.6770775564604766-1.0476005953166194j),0.13675458826029924
0.0486260158006535,,,0_0,,,
0.0486260158006535,,,0_1,,,
0.0486260158006535,,,0_2,,,
0.0486260158006535,,,0_3,,,
0.0486260158006535,-4.034995759998798,4.034995759998798,1_0,,,0.0
0.0486260158006535,-0.7530457677018847,1.7431398336800592,1_1,,,0.567994630636098
0.0486260158006535,-1.426594676136443,2.156876620884302,1_2,,,0.21170864933675496
0.0486260158006535,-1.612818903159589,2.30450814129782,2_0,(-5.3734453101719595+0j),(1.612818903159589+0j),0.2100584372324958
0.0486260158006535,-1.2495758116725204,2.0834487754468642,2_1,(-9.996267710184812+0j),(4.000874646119263+0j),0.33120600561098745
0.0486260158006535,-1.3547971005732704,2.133592152665939,3_0,(-4.851683319236129+4.516122027095475j),(0.6773985502866353-1.0477607667883366j),0.13677856198061514
0.0533669923120631,,,0_0,,,
0.0533669923120631,,,0_1,,,
0.0533669923120631,,,0_2,,,
0.0533669923120631,,,0_3,,,
0.0533669923120631,-4.038414779790743,4.038414779790743,1_0,,,0.0
0.0533669923120631,-0.7533433889179705,1.7442227713408562,1_1,,,0.5680922177510364
0.0533669923120631,-1.4269695795464385,2.1581213599190967,1_2,,,0.21197985290897772
0.0533669923120631,-1.613915817315312,2.3061855204722805,2_0,(-5.376501776952409+0j),(1.613915817315312+0j),0.2100717828065594
0.0533669923120631,-1.25002114905033,2.084703859352181,2_1,(-10.008506187377119+0j),(4.007248815257986+0j),0.3313635337328633
0.0533669923120631,-1.355501965532913,2.1349809562623583,3_0,(-4.851140941763926+4.5182547151996015j),(0.6777509827664565-1.0479380381511771j),0.13680482754735976
0.0585702081805666,,,0_0,,,
0.0585702081805666,,,0_1,,,
0.0585702081805666,,,0_2,,,
0.0585702081805666,,,0_3,,,
0.0585702081805666,-4.042168573174242,4.042168573174242,1_0,,,0.0
0.0585702081805666,-0.7536701516758065,1.7454116424624333,1_1,,,0.5681991953413775
0.0585702081805666,-1.427381096707851,2.159487743893457,1_2,,,0.21227722789337164
0.0585702081805666,-1.615120081112091,2.3080270542064136,2_0,(-5.379857596686819+0j),(1.615120081112091+0j),0.21008640926011224
0.0585702081805666,-1.250509925591003,2.086081602732176,2_1,(-10.021949012396961+0j),(4.014251759635964+0j),0.33153630736778167
0.0585702081805666,-1.3562758452529253,2.136505635852351,3_0,(-4.850553176220259+4.520594408209657j),(0.6781379226264627-1.0481341877260695j),0.13683360479949513
0.0642807311728432,,,0_0,,,
0.0642807311728432,,,0_1,,,
0.0642807311728432,,,0_2,,,
0.0642807311728432,,,0_3,,,
0.0642807311728432,-4.0462900701801505,4.0462900701801505,1_0,,,0.0
0.0642807311728432,-0.7540289276382474,1.746716852420915,1_1,,,0.5683164523241542
0.0642807311728432,-1.427832505751716,2.1609875399817575,1_2,,,0.21260342286204198
0.0642807311728432,-1.6164422469792548,2.31004887628268,2_0,(-5.383542253568596+0j),(1.6164422469792548+0j),0.21010243717104082
0.0642807311728432,-1.2510462224534475,2.0875939264277066,2_1,(-10.036719462676707+0j),(4.021948193872904+0j),0.33172585240886726
0.0642807311728432,-1.3571254473829104,2.1381794768922715,3_0,(-4.849915405983056+4.523160955125974j),(0.6785627236914553-1.0483510854868834j),0.1368651374542905
0.0705480231071864,,,0_0,,,
0.0705480231071864,,,0_1,,,
0.0705480231071864,,,0_2,,,
0.0705480231071864,,,0_3,,,
0.0705480231071864,-4.050815470445399,4.050815470445399,1_0,,,0.0
0.0705480231071864,-0.7544228982013709,1.7481498640827013,1_1,,,0.5684449521739169
0.0705480231071864,-1.4283304747317358,2.1626352342124164,1_2,,,0.21295983394870666
0.0705480231071864,-1.61789393236177,2.3122687388086383,2_0,(-5.387588270448794+0j),(1.61789393236177+0j),0.21011999708781584
0.0705480231071864,-1.2516361532478473,2.0892549613169766,2_1,(-10.052918485318607+0j),(4.03039062019542+0j),0.3319332109616818
0.0705480231071864,-1.358059004901534,2.1400177198357397,3_0,(-4.849239819506517+4.52597801862434j),(0.679029502450767-1.0485937072408393j),0.13689960244612656
0.0774263682681127,,,0_0,,,
0.0774263682681127,,,0_1,,,
0.0774263682681127,,,0_2,,,
0.0774263682681127,,,0_3,,,
0.0774263682681127,-4.055784573938078,4.055784573938078,1_0,,,0.0
0.0774263682681127,-0.7548555081598161,1.7497232139817915,1_1,,,0.5685857613776442
0.0774263682681127,-1.428874015160494,2.1644425205565616,1_2,,,0.2133520473890862
0.0774263682681127,-1.6194878654472724,2.31470611235443,2_0,(-5.392031175406189+0j),(1.6194878654472724+0j),0.21013923337172094
0.0774263682681127,-1.252282010154082,2.0910774342197374,2_1,(-10.070751984975166+0j),(4.039688126159375+0j),0.3321612223719873
0.0774263682681127,-1.3590832488249445,2.1420353902406988,3_0,(-4.848494199259087+4.529066412703717j),(0.6795416244124723-1.0488598311183337j),0.13693743139183157
0.0849753435908644,,,0_0,,,
0.0849753435908644,,,0_1,,,
0.0849753435908644,,,0_2,,,
0.0849753435908644,,,0_3,,,
0.0849753435908644,-4.061241146346459,4.061241146346459,1_0,,,0.0
0.0849753435908644,-0.7553305755956308,1.7514507166068163,1_1,,,0.568740034513232
0.0849753435908644,-1.4294725313482672,2.1664275562256954,1_2,,,0.21378103161424283
0.0849753435908644,-1.6212380632601187,2.317382426812572,2_0,(-5.396910172922149+0j),(1.6212380632601187+0j),0.2101603021015653
0.0849753435908644,-1.2529918673305551,2.0930788338682014,2_1,(-10.090326640037969+0j),(4.049896144015602+0j),0.33241084791025577
0.0849753435908644,-1.3602084868687947,2.1442511554064816,3_0,(-4.847701540944934+4.53245528417969j),(0.6801042434343973-1.0491568919122405j),0.13697879291051865
0.0932603346883219,,,0_0,,,
0.0932603346883219,,,0_1,,,
0.0932603346883219,,,0_2,,,
0.0932603346883219,,,0_3,,,
0.0932603346883219,-4.067233322974899,4.067233322974899,1_0,,,0.0
0.0932603346883219,-0.7558523166209049,1.75334757803703,1_1,,,0.5689090251762154
0.0932603346883219,-1.4301296534942263,2.1686069180304424,1_2,,,0.21425113084055955
0.0932603346883219,-1.6231599517859865,2.320321259236588,2_0,(-5.402268460713913+0j),(1.6231599517859865+0j),0.21018337250167818
0.0932603346883219,-1.2537710570236287,2.0952761622352143,2_1,(-10.111837592880764+0j),(4.061117627760406+0j),0.33268450751172846
0.0932603346883219,-1.3614442214034044,2.1466841908372287,3_0,(-4.846850590167186+4.5361726511898235j),(0.6807221107017021-1.049486896435123j),0.13702406140666443
0.1023531021899026,,,0_0,,,
0.1023531021899026,,,0_1,,,
0.1023531021899026,,,0_2,,,
0.1023531021899026,,,0_3,,,
0.1023531021899026,-4.073814055484617,4.073814055484617,1_0,,,0.0
0.1023531021899026,-0.7564253287443597,1.7554304703300965,1_1,,,0.5690941102314812
0.1023531021899026,-1.4308512761724823,2.17099976594708,1_2,,,0.2147661363704553
0.1023531021899026,-1.62527046378409,2.3235485057088523,2_0,(-5.408153386993019+0j),(1.62527046378409+0j),0.2102086301747122
0.1023531021899026,-1.2546264197815942,2.097688709373073,2_1,(-10.135477396996212+0j),(4.0734541508630535+0j),0.3329844551642424
0.1023531021899026,-1.3628014049038626,2.1493559389227683,3_0,(-4.8459400911853+4.540250209018496j),(0.6814007024519313-1.0498539528298991j),0.1370735891605292
0.1123324032978027,,,0_0,,,
0.1123324032978027,,,0_1,,,
0.1123324032978027,,,0_2,,,
0.1123324032978027,,,0_3,,,
0.1123324032978027,-4.081041606345093,4.081041606345093,1_0,,,0.0
0.1123324032978027,-0.757054689458234,1.7577177492298692,1_1,,,0.5692967828367599
0.1123324032978027,-1.4316439302361874,2.1736271946867713,1_2,,,0.21533016260816065
0.1123324032978027,-1.6275882396922465,2.3270926661299534,2_0,(-5.414617138815893+0j),(1.6275882396922465+0j),0.21023627605525205
0.1123324032978027,-1.255565504266651,2.100337707830246,2_1,(-10.161458230893956+0j),(4.08701773487633+0j),0.3333131423243674
0.1123324032978027,-1.364292114621501,2.1522900065079797,3_0,(-4.844969647046941+4.544722793250024j),(0.6821460573107504-1.0502627556825526j),0.1371277563267108
0.1232846739442066,,,0_0,,,
0.1232846739442066,,,0_1,,,
0.1232846739442066,,,0_2,,,
0.1232846739442066,,,0_3,,,
0.1232846739442066,-4.088980096468699,4.088980096468699,1_0,,,0.0
0.1232846739442066,-0.7577460139421606,1.7602296353567022,1_1,,,0.5695186589739429
0.1232846739442066,-1.4325144551309505,2.1765122343817485,1_2,,,0.21594786778500236
0.1232846739442066,-1.630133809172641,2.3309851177164678,2_0,(-5.4217172783237615+0j),(1.630133809172641+0j),0.21026652719253716
0.1232846739442066,-1.2565964335322475,2.1032464032964437,2_1,(-10.19001874352146+0j),(4.10193453680807+0j),0.33367331525179467
0.1232846739442066,-1.36592956598012,2.1555123124581423,3_0,(-4.843937800364822+4.549628466761963j),(0.6829647829900598-1.0507183085998562j),0.13718698382476674
0.1353047774579807,,,0_0,,,
0.1353047774579807,,,0_1,,,
0.1353047774579807,,,0_2,,,
0.1353047774579807,,,0_3,,,
0.1353047774579807,-4.097700112195717,4.097700112195717,1_0,,,0.0
0.1353047774579807,-0.7585054654489943,1.7629883524491616,1_1,,,0.5697614993342011
0.1353047774579807,-1.4334707299661402,2.1796803787194525,1_2,,,0.21662413957290186
0.1353047774579807,-1.6329297495839634,2.3352603743281795,2_0,(-5.429517101940197+0j),(1.6329297495839634+0j),0.21029961960593396
0.1353047774579807,-1.2577283094907752,2.1064404605193197,2_1,(-10.221418037970961+0j),(4.118341748633885+0j),0.33406789582620805
0.1353047774579807,-1.3677283946234247,2.159051433660196,3_0,(-4.8428458887288794+4.555009103859658j),(0.6838641973117123-1.051226634866055j),0.13725171653646218
0.1484968262254465,,,0_0,,,
0.1484968262254465,,,0_1,,,
0.1484968262254465,,,0_2,,,
0.1484968262254465,,,0_3,,,
0.1484968262254465,-4.107279378600038,4.107279378600038,1_0,,,0.0
0.1484968262254465,-0.7593398085221471,1.7660183285835729,1_1,,,0.5700272209908647
0.1484968262254465,-1.4345213006317594,2.183159590993617,1_2,,,0.21736434142870087
0.1484968262254465,-1.6360008945813658,2.3399564075124215,2_0,(-5.43808622228468+0j),(1.6360008945813658+0j),0.2103358097208118
0.1484968262254465,-1.2589710547452457,2.1099480464039257,2_1,(-10.255943462132073+0j),(4.136391855193512+0j),0.3345000926409729
0.1484968262254465,-1.3697046700893913,2.162938778665258,3_0,(-4.8416958860243025+4.560910452905385j),(0.6848523350446957-1.0517944730074227j),0.13732243797447208
0.1629750834620644,,,0_0,,,
0.1629750834620644,,,0_1,,,
0.1629750834620644,,,0_2,,,
0.1629750834620644,,,0_3,,,
0.1629750834620644,-4.1178035069417875,4.1178035069417875,1_0,,,0.0
0.1629750834620644,-0.7602565370824693,1.7693464992967352,1_1,,,0.5703178900319131
0.1629750834620644,-1.4356755468233184,2.186980636736464,1_2,,,0.21817432717104365
0.1629750834620644,-1.6393746202713326,2.345115058585978,2_0,(-5.447501517474246+0j),(1.6393746202713326+0j),0.21037537318436428
0.1629750834620644,-1.260335579128907,2.113800162417518,2_1,(-10.29391375922063+0j),(4.156254206582286+0j),0.334973407094282
0.1629750834620644,-1.371876114064376,2.167208948829254,3_0,(-4.840491213198318+4.5673828014361j),(0.685938057032188-1.052429463957772j),0.1373996692723648
0.1788649529057435,,,0_0,,,
0.1788649529057435,,,0_1,,,
0.1788649529057435,,,0_2,,,
0.1788649529057435,,,0_3,,,
0.1788649529057435,-4.1293668252247135,4.1293668252247135,1_0,,,0.0
0.1788649529057435,-0.7612638883949336,1.7730024946343441,1_1,,,0.5706357488504644
0.1788649529057435,-1.4369438245304766,2.191177369029331,1_2,,,0.2190604239179562
0.1788649529057435,-1.643081060851099,2.350782391712855,2_0,(-5.457847622389388+0j),(1.643081060851099+0j),0.21041860837095938
0.1788649529057435,-1.2618338764677643,2.118030910165608,2_1,(-10.335680872708636+0j),(4.178116222000153+0j),0.3354916425595862
0.1788649529057435,-1.3742622505388156,2.1719000357007223,3_0,(-4.839237418081139+4.574481240274082j),(0.6871311252694078-1.053140348597642j),0.13748396978614957
0.1963040650040271,,,0_0,,,
0.1963040650040271,,,0_1,,,
0.1963040650040271,,,0_2,,,
0.1963040650040271,,,0_3,,,
0.1963040650040271,-4.142073301867264,4.142073301867264,1_0,,,0.0
0.1963040650040271,-0.7623709536179164,1.7770189568768977,1_1,,,0.5709832184582996
0.1963040650040271,-1.4383375747920906,2.195787064826596,1_2,,,0.22002947314328575
0.1963040650040271,-1.6471534235260776,2.3570091631548857,2_0,(-5.469217892642577+0j),(1.6471534235260776+0j),0.2104658364474501
0.1963040650040271,-1.2634791531285927,2.1226778340959775,2_1,(-10.38163421848548+0j),(4.2021856937171345+0j),0.33605892719620767
0.1963040650040271,-1.3768846188152108,2.1770540110120566,3_0,(-4.837942697904167+4.582266258037884j),(0.6884423094076055-1.053937126918719j),0.13757593825017406
0.2154434690031884,,,0_0,,,
0.2154434690031884,,,0_1,,,
0.2154434690031884,,,0_2,,,
0.2154434690031884,,,0_3,,,
0.2154434690031884,-4.156037573960543,4.156037573960543,1_0,,,0.0
0.2154434690031884,-0.763587756021245,1.781431841255935,1_1,,,0.5713629124968909
0.2154434690031884,-1.43986934302783,2.2008507244857776,1_2,,,0.22108890404310938
0.2154434690031884,-1.6516283029648817,2.3638513064641575,2_0,(-5.481715280993006+0j),(1.6516283029648817+0j),0.21051740298850655
0.2154434690031884,-1.2652858931906066,2.127782236101146,2_1,(-10.432205924508402+0j),(4.228693757151213+0j),0.3366797566269354
0.2154434690031884,-1.3797669546273377,2.1827171062257533,3_0,(-4.836617975461027+4.590804177754792j),(0.6898834773136687-1.0548311596580051j),0.13767621676176897
0.2364489412645408,,,0_0,,,
0.2364489412645408,,,0_1,,,
0.2364489412645408,,,0_2,,,
0.2364489412645408,,,0_3,,,
0.2364489412645408,-4.171386093073772,4.171386093073772,1_0,,,0.0
0.2364489412645408,-0.7649253550894695,1.7862807697726941,1_1,,,0.5717776465864284
0.2364489412645408,-1.4415533468924668,2.2064136901384352,1_2,,,0.2222465542021049
0.2364489412645408,-1.6565460446225133,2.3713704860695914,2_0,(-5.495453388640153+0j),(1.6565460446225133+0j),0.210573678908457
0.2364489412645408,-1.2672702306373103,2.133389720308349,2_1,(-10.487870519960657+0j),(4.257894830941315+0j),0.3373589284971881
0.2364489412645408,-1.3829355525066827,2.1889403583865605,3_0,(-4.835279900502766+4.600168073519827j),(0.6914677762533414-1.0558357618032668j),0.13778547945712957
0.2595024211399737,,,0_0,,,
0.2595024211399737,,,0_1,,,
0.2595024211399737,,,0_2,,,
0.2595024211399737,,,0_3,,,
0.2595024211399737,-4.18825840336265,4.18825840336265,1_0,,,0.0
0.2595024211399737,-0.7663959921310795,1.7916094592143816,1_1,,,0.5722304388439973
0.2595024211399737,-1.4434043024070806,2.2125254260448517,1_2,,,0.2235113489625411
0.2595024211399737,-1.6619511729175362,2.379634737932306,2_0,(-5.5105577675316+0j),(1.6619511729175362+0j),0.2106350601416437
0.2595024211399737,-1.2694494109842847,2.139550207423462,2_1,(-10.549166781721874+0j),(4.290078534590437+0j),0.3381018378974343
0.2595024211399737,-1.3864191928328287,2.1957798711920846,3_0,(-4.833944752718404+4.610437661888632j),(0.6932095964164142-1.0569652876432776j),0.1379044693291559
0.2848035868435802,,,0_0,,,
0.2848035868435802,,,0_1,,,
0.2848035868435802,,,0_2,,,
0.2848035868435802,,,0_3,,,
0.2848035868435802,-4.206808568765797,4.206808568765797,1_0,,,0.0
0.2848035868435802,-0.7680131462184345,1.7974660732365684,1_1,,,0.5727245383633148
0.2848035868435802,-1.4454396825682303,2.219241039826437,1_2,,,0.2248922903154072
0.2848035868435802,-1.6678927835368142,2.3887190966108127,2_0,(-5.527166906745191+0j),(1.6678927835368142+0j),0.21070197105285468
0.2848035868435802,-1.2718430457166197,2.14631908245845,2_1,(-10.616677649303174+0j),(4.325559172447947+0j),0.338914070367462
0.2848035868435802,-1.3902499723519244,2.203297754268911,3_0,(-4.832640378201109+4.621701263847002j),(0.6951249861759623-1.058237241624983j),0.1380339404327082
0.3125715849688237,,,0_0,,,
0.3125715849688237,,,0_1,,,
0.3125715849688237,,,0_2,,,
0.3125715849688237,,,0_3,,,
0.3125715849688237,-4.2272067684013015,4.2272067684013015,1_0,,,0.0
0.3125715849688237,-0.7697917403313053,1.8039037820759485,1_1,,,0.5732634146121574
0.3125715849688237,-1.4476779696576372,2.2266208696383396,1_2,,,0.2263994380106119
0.3125715849688237,-1.674425095628322,2.3987064122254815,2_0,(-5.5454339655551905+0j),(1.674425095628322+0j),0.21077486247745544
0.3125715849688237,-1.2744722974228426,2.1537571269639924,2_1,(-10.691061568468658+0j),(4.364692811067394+0j),0.33980182317554924
0.3125715849688237,-1.3944631510108523,2.2115624063859554,3_0,(-4.831397214450339+4.634055563682167j),(0.6972315755054261-1.0596709006127891j),0.1381747101049018
0.3430469286314919,,,0_0,,,
0.3430469286314919,,,0_1,,,
0.3430469286314919,,,0_2,,,
0.3430469286314919,,,0_3,,,
0.3430469286314919,-4.249641081937881,4.249641081937881,1_0,,,0.0
0.3430469286314919,-0.7717482777136033,1.8109812770668101,1_1,,,0.5738507694769877
0.3430469286314919,-1.4501400136607225,2.234731665007524,1_2,,,0.2280433665942
0.3430469286314919,-1.6816079935292232,2.409688186110825,2_0,(-5.5655282988937245+0j),(1.6816079935292232+0j),0.21085421275912408
0.3430469286314919,-1.277360694360068,2.1619314977471555,2_1,(-10.77304627873703+0j),(4.407874260418958+0j),0.3407716918101307
0.3430469286314919,-1.3990978299836687,2.2206494370833005,3_0,(-4.830255583752799+4.647607316039965j),(0.6995489149918342-1.0612886635265717j),0.1383276256496047
0.3764935806792469,,,0_0,,,
0.3764935806792469,,,0_1,,,
0.3764935806792469,,,0_2,,,
0.3764935806792469,,,0_3,,,
0.3764935806792469,-4.274319489758801,4.274319489758801,1_0,,,0.0
0.3764935806792469,-0.7739010261849828,1.8187633819072804,1_1,,,0.5744905390752826
0.3764935806792469,-1.4528487162037573,2.2436469819781713,1_2,,,0.22983544540808537
0.3764935806792469,-1.6895076576740862,2.421765531015284,2_0,(-5.587637304699873+0j),(1.6895076576740862+0j),0.2109405273187549
0.3764935806792469,-1.2805340708276833,2.1709162168510465,2_1,(-10.863444705079376+0j),(4.455546066049948+0j),0.3418308034230857
0.3764935806792469,-1.4041972270900156,2.230642345254249,3_0,(-4.829264350890683+4.662474096285097j),(0.7020986135450079-1.0631159767879133j),0.13849357665910147
0.4132012400115338,,,0_0,,,
0.4132012400115338,,,0_1,,,
0.4132012400115338,,,0_2,,,
0.4132012400115338,,,0_3,,,
0.4132012400115338,-4.301472116200057,4.301472116200057,1_0,,,0.0
0.4132012400115338,-0.7762702156447666,1.8273217251574967,1_1,,,0.5751868951386434
0.4132012400115338,-1.4558294101454576,2.2534479924401007,1_2,,,0.23178778737606742
0.4132012400115338,-1.698197263482264,2.4350502384059642,2_0,(-5.61196845507889+0j),(1.698197263482264+0j),0.2110343380781734
0.4132012400115338,-1.284020887164147,2.180792959171368,2_1,(-10.963163965911674+0j),(4.508203873329248+0j),0.34298681127949343
0.4132012400115338,-1.4098091808346291,2.2416334208584834,3_0,(-4.828483255673699+4.678785644106597j),(0.7049045904173146-1.065181882472237j),0.1386734878583721
0.4534878508128584,,,0_0,,,
0.4534878508128584,,,0_1,,,
0.4534878508128584,,,0_2,,,
0.4534878508128584,,,0_3,,,
0.4534878508128584,-4.331353748104492,4.331353748104492,1_0,,,0.0
0.4534878508128584,-0.7788782748423269,1.836735510370362,1_1,,,0.5759442388712391
0.4534878508128584,-1.4591102608985551,2.2642243828748487,1_2,,,0.2339132006213811
0.4534878508128584,-1.7077577765466025,2.4496659868281108,2_0,(-5.638751642012505+0j),(1.7077577765466025+0j),0.21113620177787368
0.4534878508128584,-1.2878525812972295,2.191651933918636,2_1,(-11.073216236172575+0j),(4.566402862974482+0j),0.3442478888158511
0.4534878508128584,-1.415986718417459,2.2537247608196447,3_0,(-4.8279853911405635+4.696685438466138j),(0.7079933592087294-1.0675195997512446j),0.13886831093220897
0.4977023564332112,,,0_0,,,
0.4977023564332112,,,0_1,,,
0.4977023564332112,,,0_2,,,
0.4977023564332112,,,0_3,,,
0.4977023564332112,-4.364246665396902,4.364246665396902,1_0,,,0.0
0.4977023564332112,-0.7817500731391084,1.847092350119814,1_1,,,0.5767671967845034
0.4977023564332112,-1.4627224636065894,2.2760752160733926,1_2,,,0.2362252337194296
0.4977023564332112,-1.718278825080323,2.4657496772744465,2_0,(-5.6682417059775645+0j),(1.718278825080323+0j),0.21124669846814445
0.4977023564332112,-1.2920638113412366,2.203592764724918,2_1,(-11.194733940515938+0j),(4.6307667530761325+0j),0.3456227673015895
0.4977023564332112,-1.4227886087815511,2.2670293374330623,3_0,(-4.827858721608333+4.716332223589879j),(0.7113943043907756-1.0701669679347576j),0.1390790213612127
0.5462277217684343,,,0_0,,,
0.5462277217684343,,,0_1,,,
0.5462277217684343,,,0_2,,,
0.5462277217684343,,,0_3,,,
0.5462277217684343,-4.4004638254573365,4.4004638254573365,1_0,,,0.0
0.5462277217684343,-0.7849132087061111,1.858489220048071,1_1,,,0.5776606072077142
0.5462277217684343,-1.466700703577702,2.2891100247209577,1_2,,,0.23873810804823284
0.5462277217684343,-1.729859692419246,2.483452945806146,2_0,(-5.700721350227219+0j),(1.729859692419246+0j),0.21136642865214386
0.5462277217684343,-1.296692862659788,2.2167255660587886,2_1,(-11.32898450895129+0j),(4.701996676596924+0j),0.3471207231336985
0.5462277217684343,-1.4302800593970806,2.2816722576891477,3_0,(-4.828208969954007+4.737901997576466j),(0.7151400296985402-1.0731671264814417j),0.13930660750780627
0.5994842503189411,,,0_0,,,
0.5994842503189411,,,0_1,,,
0.5994842503189411,,,0_2,,,
0.5994842503189411,,,0_3,,,
0.5994842503189411,-4.4403524487557,4.4403524487557,1_0,,,0.0
0.5994842503189411,-0.7883983927506517,1.871033600405245,1_1,,,0.5786294844839273
0.5994842503189411,-1.4710833662450915,2.303449904266707,1_2,,,0.24146679486180178
0.5994842503189411,-1.7426104806207035,2.5029439132127873,2_0,(-5.736504681506503+0j),(1.7426104806207035+0j),0.21149600735873908
0.5994842503189411,-1.3017819631383227,2.231172080895938,2_1,(-11.477392507430359+0j),(4.780884121563449+0j),0.34875162098551676
0.5994842503189411,-1.43853345298013,2.29779215845221,3_0,(-4.829161354284137+4.761590240510028j),(0.719266726490065-1.0765690166576916j),0.13955206517709492
0.6579332246575682,,,0_0,,,
0.6579332246575682,,,0_1,,,
0.6579332246575682,,,0_2,,,
0.6579332246575682,,,0_3,,,
0.6579332246575682,-4.484298059572625,4.484298059572625,1_0,,,0.0
0.6579332246575682,-0.7922397413927088,1.8848445917485195,1_1,,,0.5796790118076688
0.6579332246575682,-1.4759132560573747,2.319228917958501,1_2,,,0.24442680862294167
0.6579332246575682,-1.7566533056325224,2.524409036003061,2_0,(-5.77594057907347+0j),(1.7566533056325224+0j),0.2116360619848813
0.6579332246575682,-1.3073778289763174,2.2470670244551014,2_1,(-11.64155622699672+0j),(4.868321454594938+0j),0.3505258488515798
0.6579332246575682,-1.4476292192930558,2.3155427677879024,3_0,(-4.830864791330271+4.7876143931172965j),(0.7238146096465279-1.0804283246400097j),0.13981637888816553
0.7220809018385468,,,0_0,,,
0.7220809018385468,,,0_1,,,
0.7220809018385468,,,0_2,,,
0.7220809018385468,,,0_3,,,
0.7220809018385468,-4.53272904268568,4.53272904268568,1_0,,,0.0
0.7220809018385468,-0.7964752474321407,1.900054337595619,1_1,,,0.5808144895266404
0.7220809018385468,-1.481238021401011,2.336595541325284,1_2,,,0.24763419366462577
0.7220809018385468,-1.7721237573071895,2.5480553081234985,2_0,(-5.8194171144450815+0j),(1.7721237573071895+0j),0.21178722412367354
0.7220809018385468,-1.313532135385551,2.264559553852275,2_1,(-11.823274629423759+0j),(4.965318014938588+0j),0.352454319829589
0.7220809018385468,-1.4576568005182762,2.3350946878148005,3_0,(-4.833494691723687+4.816216865631488j),(0.7288284002591381-1.084808196011049j),0.14010050941947058
0.7924828983539177,,,0_0,,,
0.7924828983539177,,,0_1,,,
0.7924828983539177,,,0_2,,,
0.7924828983539177,,,0_3,,,
0.7924828983539177,-4.58612178467884,4.58612178467884,1_0,,,0.0
0.7924828983539177,-0.8011472537212861,1.9168095557532094,1_1,,,0.582041287661217
0.7924828983539177,-1.4871107631677396,2.355714320148784,1_2,,,0.2511054096183367
0.7924828983539177,-1.7891724964938829,2.57411269216249,2_0,(-5.86736627466248+0j),(1.7891724964938829+0j),0.21195012195437962
0.7924828983539177,-1.320302084590388,2.2838149194418844,2_1,(-12.02457575880544+0j),(5.073017510580298+0j),0.35454843417804316
0.7924828983539177,-1.468715736286684,2.356637383092556,3_0,(-4.837256607239027+4.847668389874115j),(0.7343578681433419-1.0897801230430881j),0.14040537620570523
0.8697490026177834,,,0_0,,,
0.8697490026177834,,,0_1,,,
0.8697490026177834,,,0_2,,,
0.8697490026177834,,,0_3,,,
0.8697490026177834,-4.645006476873562,4.645006476873562,1_0,,,0.0
0.8697490026177834,-0.8063029928493418,1.9352732685870826,1_1,,,0.5833647857710488
0.8697490026177834,-1.493590655585782,2.3767676984385333,1_2,,,0.25485721712060944
0.8697490026177834,-1.8079670589439243,2.6028368633948475,2_0,(-5.92026931010858+0j),(1.8079670589439243+0j),0.21212537097854298
0.8697490026177834,-1.3277510080330084,2.3050162965538914,2_1,(-12.247750740915773+0j),(5.192718888559522+0j),0.3568200380855129
0.8697490026177834,-1.4809168706269338,2.3803814088317914,3_0,(-4.842389885188258+4.88227181158239j),(0.7404584353134667-1.0954248631363521j),0.14073183883351978
0.9545484566618342,,,0_0,,,
0.9545484566618342,,,0_1,,,
0.9545484566618342,,,0_2,,,
0.9545484566618342,,,0_3,,,
0.9545484566618342,-4.709973666056291,4.709973666056291,1_0,,,0.0
0.9545484566618342,-0.8119952118475824,1.95562677031327,1_1,,,0.5847902963010116
0.9545484566618342,-1.5007438485019877,2.3999581841680038,1_2,,,0.2589064469403117
0.9545484566618342,-1.8286939010982044,2.634512315847416,2_0,(-5.978662830456231+0j),(1.8286939010982044+0j),0.21231356265673876
0.9545484566618342,-1.3359491612279393,2.32836692365682,2_1,(-12.495390850746894+0j),(5.32589932573715+0j),0.35928132439761107
0.9545484566618342,-1.49438377512561,2.4065609730222617,3_0,(-4.849172484590991+4.9203666452409465j),(0.7471918875628049-1.101833576384054j),0.14108067132677826
1.0476157527896652,,,0_0,,,
1.0476157527896652,,,0_1,,,
1.0476157527896652,,,0_2,,,
1.0476157527896652,,,0_3,,,
1.0476157527896652,-4.781681648433608,4.781681648433608,1_0,,,0.0
1.0476157527896652,-0.8182828845939695,1.9780718522061578,1_1,,,0.5863229722007658
1.0476157527896652,-1.5086443187467715,2.425510697652801,1_2,,,0.26326980225083463
1.0476157527896652,-1.8515607120718929,2.669455869904361,2_0,(-6.04314570638042+0j),(1.8515607120718929+0j),0.21251525114057077
1.0476157527896652,-1.344974527438109,2.3540924481277603,2_1,(-12.770433103738352+0j),(5.474242487885227+0j),0.36194474128213544
1.0476157527896652,-1.5092543096153672,2.4354367921490745,3_0,(-4.857925379103075+4.962334129948939j),(0.7546271548076838-1.1091089394922773j),0.1414525379318538
1.1497569953977371,,,0_0,,,
1.1497569953977371,,,0_1,,,
1.1497569953977371,,,0_2,,,
1.1497569953977371,,,0_3,,,
1.1497569953977371,-4.860864812066835,4.860864812066835,1_0,,,0.0
1.1497569953977371,-0.825232014580496,2.0028333084571366,1_1,,,0.5879677000098398
1.1497569953977371,-1.517374844795288,2.453675215221757,1_2,,,0.26796361313118366
1.1497569953977371,-1.8767990184186798,2.7080206247973466,2_0,(-6.114386839172081+0j),(1.8767990184186798+0j),0.21273093836160906
1.1497569953977371,-1.3549137269227607,2.3824435629814005,2_1,(-13.07621322368405+0j),(5.639671570303966+0j),0.3648228722671891
1.1497569953977371,-1.525682380639426,2.4672993078672243,3_0,(-4.869017294494895+5.008602959168304j),(0.762841190319713-1.1173663664563063j),0.14184796662273982
1.261856883066021,,,0_0,,,
1.261856883066021,,,0_1,,,
1.261856883066021,,,0_2,,,
1.261856883066021,,,0_3,,,
1.261856883066021,-4.9483430425133745,4.9483430425133745,1_0,,,0.0
1.261856883066021,-0.8329165578327494,2.030161780239662,1_1,,,0.5897289733557968
1.261856883066021,-1.5270282938354653,2.4847298477120554,1_2,,,0.2730034720477536
1.261856883066021,-1.9046671328380678,2.7506004263593002,2_0,(-6.193133983235807+0j),(1.9046671328380678+0j),0.21296105693776904
1.261856883066021,-1.3658631539683483,2.4136990483955927,2_1,(-13.416525043610303+0j),(5.82438665189913+0j),0.3679282502918191
1.261856883066021,-1.543839979665577,2.502472359430547,3_0,(-4.882870480349453+5.059655975272771j),(0.7719199898327886-1.1267354534884748j),0.1422673168322173
1.384886371393873,,,0_0,,,
1.384886371393873,,,0_1,,,
1.384886371393873,,,0_2,,,
1.384886371393873,,,0_3,,,
1.384886371393873,-5.04503231532946,5.04503231532946,1_0,,,0.0
1.384886371393873,-0.8414194714548044,2.060336968613853,1_1,,,0.591610748983021
1.384886371393873,-1.5377088810313202,2.518984199675877,1_2,,,0.2784039023437991
1.384886371393873,-1.935453480556295,2.797634903856825,2_0,(-6.280223704272593+0j),(1.935453480556295+0j),0.213205951326787
1.384886371393873,-1.377930152030519,2.448169121455736,2_1,(-13.79569280567619+0j),(6.030910169340898+0j),0.37127317360827494
1.384886371393873,-1.5639194248891315,2.5413172798632524,3_0,(-4.899965988157502+5.116037532719007j),(0.7819597124445659-1.1373614222465593j),0.14271075042937875
1.5199110829529348,,,0_0,,,
1.5199110829529348,,,0_1,,,
1.5199110829529348,,,0_2,,,
1.5199110829529348,,,0_3,,,
1.5199110829529348,-5.151956606748903,5.151956606748903,1_0,,,0.0
1.5199110829529348,-0.8508339094317088,2.0936712685955956,1_1,,,0.5936162843737948
1.5199110829529348,-1.549533706130324,2.5567832105178034,1_2,,,0.2841779353548187
1.5199110829529348,-1.9694803525500824,2.849615147104066,2_0,(-6.376592630217097+0j),(1.9694803525500824+0j),0.2134658572714176
1.5199110829529348,-1.391234410210776,2.486199248282312,2_1,(-14.218654157910613+0j),(6.262139431651818+0j),0.37486946334592075
1.5199110829529348,-1.5861359166909448,2.5842375341405064,3_0,(-4.920849682924291+5.178361880363646j),(0.7930679583454726-1.1494067687722715j),0.1431782000786198
1.6681005372000592,,,0_0,,,
1.6681005372000592,,,0_1,,,
1.6681005372000592,,,0_2,,,
1.6681005372000592,,,0_3,,,
1.6681005372000592,-5.270261259384486,5.270261259384486,1_0,,,0.0
1.6681005372000592,-0.8612645849732287,2.1305138761022575,1_1,,,0.5957479579767399
1.6681005372000592,-1.5626346103110453,2.5985115428117758,1_2,,,0.2903365931822246
1.6681005372000592,-2.0071081348234325,2.907090096257706,2_0,(-6.48329014457653+0j),(2.0071081348234325+0j),0.21374087985228615
1.6681005372000592,-1.40590961885836,2.5281744805876203,2_1,(-14.691055301451911+0j),(6.521407154900456+0j),0.37872815668576487
1.6681005372000592,-1.6107304445700652,2.631683964037962,3_0,(-4.946139020024097+5.2473226664505725j),(0.8053652222850323-1.1630531377488056j),0.14366933594443923
1.8307382802953696,,,0_0,,,
1.8307382802953696,,,0_1,,,
1.8307382802953696,,,0_2,,,
1.8307382802953696,,,0_3,,,
1.8307382802953696,-5.401227942164886,5.401227942164886,1_0,,,0.0
1.8307382802953696,-0.8728293328014772,2.1712554389266305,1_1,,,0.598007071322311
1.8307382802953696,-1.5771600674004629,2.6445984102211937,1_2,,,0.2968884154558849
1.8307382802953696,-2.0487400762038113,2.9706737313613534,2_0,(-6.60149273509915+0j),(2.0487400762038113+0j),0.2140309702492432
1.8307382802953696,-1.4221052355159947,2.5745242623591476,2_1,(-15.219365798653588+0j),(6.812554451043513+0j),0.3828591964817264
1.8307382802953696,-1.6379730037321265,2.684160646649879,3_0,(-4.976529414644149+5.3237033600968955j),(0.8189865018660633-1.1785032581276507j),0.1441835386095757
2.009233002565048,,,0_0,,,
2.009233002565048,,,0_1,,,
2.009233002565048,,,0_2,,,
2.009233002565048,,,0_3,,,
2.009233002565048,-5.546291341655307,5.546291341655307,1_0,,,0.0
2.009233002565048,-0.8856607939074507,2.216333186344611,1_1,,,0.6003936595074104
2.009233002565048,-1.593277811880149,2.695523229467275,1_2,,,0.3038387301510742
2.009233002565048,-2.0948275645550583,3.041053051565411,2_0,(-6.732519727217829+0j),(2.0948275645550583+0j),0.2143359047883259
2.009233002565048,-1.439988743730168,2.625727960741344,2_1,(-15.811001870946427+0j),(7.140010411941171+0j),0.3872709790252183
2.009233002565048,-1.6681662773665396,2.742231499311029,3_0,(-5.012802756865412+5.408389059666936j),(0.8340831386832699-1.1959833587464326j),0.1447198661206722
2.205130739903045,,,0_0,,,
2.205130739903045,,,0_1,,,
2.205130739903045,,,0_2,,,
2.205130739903045,,,0_3,,,
2.205130739903045,-5.707057713991714,5.707057713991714,1_0,,,0.0
2.205130739903045,-0.8999085570272991,2.2662369850193955,1_1,,,0.6029062437088426
2.205130739903045,-1.6111769497003452,2.75182160355782,1_2,,,0.3111892990294854
2.205130739903045,-2.1458762268499645,3.1189971967096226,2_0,(-6.8778519252299235+0j),(2.1458762268499645+0j),0.21465525793927664
2.205130739903045,-1.459747816291146,2.6823208983550018,2_1,(-16.474490413708384+0j),(7.508895946369066+0j),0.391970032175479
2.205130739903045,-1.701649670436667,2.8065276656869007,3_0,(-5.05583349853867+5.502379333239535j),(0.8508248352183335-1.2157453597516323j),0.14527704177032058
2.420128264794384,,,0_0,,,
2.420128264794384,,,0_1,,,
2.420128264794384,,,0_2,,,
2.420128264794384,,,0_3,,,
2.420128264794384,-5.8853254113836755,5.8853254113836755,1_0,,,0.0
2.420128264794384,-0.9157412588290917,2.321515733489508,1_1,,,0.6055416529731521
2.420128264794384,-1.631071510963891,2.8140925178161877,1_2,,,0.31893741435814776
2.420128264794384,-2.202452467503606,3.205367325480256,2_0,(-7.039151049673441+0j),(2.202452467503606+0j),0.2149883856761166
2.420128264794384,-1.4815933326609882,2.7449013520209946,2_1,(-17.21963039020244+0j),(7.9251289472903546+0j),0.39696042209341287
2.420128264794384,-1.738803924878082,2.8777557569615495,3_0,(-5.106599263620289+5.606802646963491j),(0.869401962439041-1.238069959081451j),0.14585342763192047
2.656087782946687,,,0_0,,,
2.656087782946687,,,0_1,,,
2.656087782946687,,,0_2,,,
2.656087782946687,,,0_3,,,
2.656087782946687,-6.083107473091689,6.083107473091689,1_0,,,0.0
2.656087782946687,-0.9333491913355965,2.382784807912299,1_1,,,0.6082948035272393
2.656087782946687,-1.6532036612871326,2.883006070003332,1_2,,,0.32707536816632854
2.656087782946687,-2.2651909350444,3.301127782284114,2_0,(-7.2182824153593215+0j),(2.2651909350444+0j),0.2153344049224214
2.656087782946687,-1.5057624454747989,2.8141382378488435,2_1,(-18.057698607879857+0j),(8.395556197906126+0j),0.40224328409429033
2.656087782946687,-1.7800561921220202,2.9567070316564683,3_0,(-5.166189608312992+5.722932088177817j),(0.8900280960610099-1.263269617668013j),0.14644702036878826
2.9150530628251787,,,0_0,,,
2.9150530628251787,,,0_1,,,
2.9150530628251787,,,0_2,,,
2.9150530628251787,,,0_3,,,
2.9150530628251787,-6.302656336881281,6.302656336881281,1_0,,,0.0
2.9150530628251787,-0.9529471241047082,2.4507342227282276,1_1,,,0.611158519244139
2.9150530628251787,-1.6778476440789003,2.959312225733201,1_2,,,0.33558980503632474
2.9150530628251787,-2.3348026950654823,3.4073583323509657,2_0,(-7.417339614718126+0j),(2.3348026950654823+0j),0.2156921797247614
2.9150530628251787,-1.5325222151460896,2.890779742837399,2_1,(-19.001676759882322+0j),(8.928099957049854+0j),0.40781627022717654
2.9150530628251787,-1.8258856794274987,3.0442675492169986,3_0,(-5.2358167466755425+5.8522026143669565j),(0.9129428397137492-1.2916920633615234j),0.14705545135126485
3.1992671377973845,,,0_0,,,
3.1992671377973845,,,0_1,,,
3.1992671377973845,,,0_2,,,
3.1992671377973845,,,0_3,,,
3.1992671377973845,-6.5464906828260645,6.5464906828260645,1_0,,,0.0
3.1992671377973845,-0.9747774656859244,2.5261376836866414,1_1,,,0.6141233821177412
3.1992671377973845,-1.7053142382748543,3.0438505830751144,1_2,,,0.3444611301417151
3.1992671377973845,-2.4120842298082956,3.52526759906019,2_0,(-7.638671773601659+0j),(2.4120842298082956+0j),0.21606031251969937
3.1992671377973845,-1.562173757220243,2.9756629485924733,2_1,(-20.066508393672812+0j),(9.531923881517931+0j),0.4136729885361943
3.1992671377973845,-1.8768298985860583,3.1414293743765076,3_0,(-5.3168274638378215+5.99622994339865j),(0.9384149492930293-1.323724196180749j),0.14767599755334251
3.511191734215134,,,0_0,,,
3.511191734215134,,,0_1,,,
3.511191734215134,,,0_2,,,
3.511191734215134,,,0_3,,,
3.511191734215134,-6.817424367796262,6.817424367796262,1_0,,,0.0
3.511191734215134,-0.9991137636372345,2.6098625478023005,1_1,,,0.617177630876169
3.511191734215134,-1.7359557192987802,3.137561174877765,1_2,,,0.35366302349754936
3.511191734215134,-2.4979272692375054,3.656207709128439,2_0,(-7.884913380293547+0j),(2.4979272692375054+0j),0.2164371424477108
3.511191734215134,-1.5950569114011461,3.0697244799182064,2_1,(-21.269387384973967+0j),(10.217619198086055+0j),0.41980246669659327
3.511191734215134,-1.9334915185026986,3.249302843981092,3_0,(-5.4107162225511445+6.1568310489975575j),(0.9667457592513493-1.359796401911822j),0.14830560522030745
3.8535285937105312,,,0_0,,,
3.8535285937105312,,,0_1,,,
3.8535285937105312,,,0_2,,,
3.8535285937105312,,,0_3,,,
3.8535285937105312,-7.1185973486278815,7.1185973486278815,1_0,,,0.0
3.8535285937105312,-1.0262645498754221,2.702880704680465,1_1,,,0.6203071233967955
3.8535285937105312,-1.7701714614809867,3.2414964259400163,1_2,,,0.36316206537789747
3.8535285937105312,-2.593329452312305,3.8016901366187854,2_0,(-8.159016697499656+0j),(2.593329452312305+0j),0.21682075217450522
3.8535285937105312,-1.6315555415682286,3.174012278790768,2_1,(-22.63007503448967+0j),(10.99740915750288+0j),0.4261886508128077
3.8535285937105312,-1.996545865137618,3.3691299352073902,3_0,(-5.51913995536677+6.336046426697315j),(0.9982729325688088-1.4003873475011057j),0.1489409252318437
4.229242874389499,,,0_0,,,
4.229242874389499,,,0_1,,,
4.229242874389499,,,0_2,,,
4.229242874389499,,,0_3,,,
4.229242874389499,-7.453508429792483,7.453508429792483,1_0,,,0.0
4.229242874389499,-1.0565775279833522,2.806280369377447,1_1,,,0.6234953786111733
4.229242874389499,-1.808414101643819,3.356834242686507,1_2,,,0.372917555330288
4.229242874389499,-2.6994057946603913,3.9634027041169335,2_0,(-8.464286697240338+0j),(2.6994057946603913+0j),0.2172089845088645
4.229242874389499,-1.6721034369946266,3.289698498389729,2_1,(-24.17124507967618+0j),(11.885370859303226+0j),0.4328099952398038
4.229242874389499,-2.066749042822584,3.5022987031620674,3_0,(-5.643934361260488+6.536164042586904j),(1.0333745214112922-1.446029223575462j),0.14957836194315155
4.641588833612782,,,0_0,,,
4.641588833612782,,,0_1,,,
4.641588833612782,,,0_2,,,
4.641588833612782,,,0_3,,,
4.641588833612782,-7.8260496153207475,7.8260496153207475,1_0,,,0.0
4.641588833612782,-1.0904440863273839,2.9212787477971367,1_1,,,0.6267237122956306
4.641588833612782,-1.8511963951480563,3.4848923254234974,1_2,,,0.3828815300945877
4.641588833612782,-2.8174009138507032,4.143227664301842,2_0,(-8.804418377984534+0j),(2.8174009138507032+0j),0.2175994697915907
4.641588833612782,-1.717190915152609,3.4180935906907135,2_1,(-25.918847715937552+0j),(12.897668322181394+0j),0.43963916303937756
4.641588833612782,-2.144946696776509,3.6503587793401393,3_0,(-5.7871321771350885+6.759745094775678j),(1.0724733483882545-1.4973134910512094j),0.15021413308551052
5.09413801481638,,,0_0,,,
5.09413801481638,,,0_1,,,
5.09413801481638,,,0_2,,,
5.09413801481638,,,0_3,,,
5.09413801481638,-8.240541805725444,8.240541805725444,1_0,,,0.0
5.09413801481638,-1.1283041057922822,3.0492355030979432,1_1,,,0.6299714782128324
5.09413801481638,-1.8990986407786257,3.627143622947942,1_2,,,0.3929990623239928
5.09413801481638,-2.94870193810496,4.343260751107625,2_0,(-9.183536237465082+0j),(2.94870193810496+0j),0.2179896645596139
5.09413801481638,-1.767372056504458,3.560661528726352,2_1,(-27.90248516066287+0j),(14.052791169213618+0j),0.44664290282042407
5.09413801481638,-2.2320833549650523,3.8150378393719038,3_0,(-5.950983149760609+7.009651413048663j),(1.1160416774825261-1.5548970704522742j),0.1508443411547477
5.590810182512229,,,0_0,,,
5.590810182512229,,,0_1,,,
5.590810182512229,,,0_2,,,
5.590810182512229,,,0_3,,,
5.590810182512229,-8.701771572679768,8.701771572679768,1_0,,,0.0
5.590810182512229,-1.170651014643727,3.1916669188302698,1_1,,,0.6332164212571515
5.590810182512229,-1.9527766853169675,3.785232910369177,1_2,,,0.40320885985607197
5.590810182512229,-3.0948520021178387,4.565831062239709,2_0,(-9.60623559327464+0j),(3.0948520021178387+0j),0.21837690136135735
5.590810182512229,-1.8232725771797127,3.719036143071452,2_1,(-30.15578290304508+0j),(15.371787831381539+0j),0.4537821385984286
5.590810182512229,-2.3292123123294366,3.998258956804059,3_0,(-6.137975855102214+7.289074450268392j),(1.1646061561647183-1.6195089709699027j),0.1514650535076115
6.135907273413175,,,0_0,,,
6.135907273413175,,,0_1,,,
6.135907273413175,,,0_2,,,
6.135907273413175,,,0_3,,,
6.135907273413175,-9.21502878263431,9.21502878263431,1_0,,,0.0
6.135907273413175,-1.2180370269885357,3.3502606259832506,1_1,,,0.6364351425253489
6.135907273413175,-2.012970552207067,3.960994478376991,1_2,,,0.4134441606079381
6.135907273413175,-3.257564219212236,4.813521620865239,2_0,(-10.07762537963876+0j),(3.257564219212236+0j),0.21875844883553844
6.135907273413175,-1.8855983607893143,3.895038553414396,2_1,(-32.716732631983845+0j),(16.878476713522417+0j),0.4610122965111835
6.135907273413175,-2.437506021231073,4.202158754507524,3_0,(-6.350861572014834+7.601565842044743j),(1.2187530106155364-1.6919573626394397j),0.15207238730782763
6.7341506577508286,,,0_0,,,
6.7341506577508286,,,0_1,,,
6.7341506577508286,,,0_2,,,
6.7341506577508286,,,0_3,,,
6.7341506577508286,-9.786144940399845,9.786144940399845,1_0,,,0.0
6.7341506577508286,-1.2710784882813586,3.526890743550996,1_1,,,0.6396036677332418
6.7341506577508286,-2.080513201476974,4.1564705584472845,1_2,,,0.42363403957901113
6.7341506577508286,-3.438736018382499,5.089190472496025,2_0,(-10.6033720219082+0j),(3.438736018382499+0j),0.21913158030173277
6.7341506577508286,-1.9551442881007732,4.090695386902907,2_1,(-35.62799375182183+0j),(18.599625249149497+0j),0.4682839653692227
6.7341506577508286,-2.5582668003027726,4.429106133732562,3_0,(-6.592679066296676+7.9510688918827075j),(1.2791334001513863-1.7731368914492363j),0.15266260064064674
7.390722033525781,,,0_0,,,
7.390722033525781,,,0_1,,,
7.390722033525781,,,0_2,,,
7.390722033525781,,,0_3,,,
7.390722033525781,-10.421532296030069,10.421532296030069,1_0,,,0.0
7.390722033525781,-1.3304612444721136,3.7236332832171444,1_1,,,0.6426981006779965
7.390722033525781,-2.156339931448171,4.373930747078594,1_2,,,0.43370493365627705
7.390722033525781,-3.6404637540568725,5.395992211958557,2_0,(-11.189744020605573+0j),(3.6404637540568725+0j),0.2194936482173913
7.390722033525781,-2.0328036744961064,4.308257965927379,2_1,(-38.937103475478835+0j),(20.565063628939452+0j),0.47554380269901
7.390722033525781,-2.692937956037945,4.681721620976422,3_0,(-6.866781735155309+8.341951493500146j),(1.346468978018973-1.8640364336444932j),0.1532321787831304
8.111308307896872,,,0_0,,,
8.111308307896872,,,0_1,,,
8.111308307896872,,,0_2,,,
8.111308307896872,,,0_3,,,
8.111308307896872,-11.128224006308775,11.128224006308775,1_0,,,0.0
8.111308307896872,-1.3969459547489587,3.942781696867491,1_1,,,0.645695333358471
8.111308307896872,-2.2414976056869635,4.615891835834821,1_2,,,0.4435825243916181
8.111308307896872,-3.865057541676708,5.737399912540236,2_0,(-11.843656986383102+0j),(3.865057541676708+0j),0.2198421610201036
8.111308307896872,-2.119577701502945,4.550221979454583,2_1,(-42.69658555237396+0j),(22.80772494826506+0j),0.4827357897758549
8.111308307896872,-2.8431150621767207,4.962897094708814,3_0,(-7.176865196094698+8.779039530081567j),(1.4215575310883606-1.965746987581212j),0.1537779193770462
8.902150854450392,,,0_0,,,
8.902150854450392,,,0_1,,,
8.902150854450392,,,0_2,,,
8.902150854450392,,,0_3,,,
8.902150854450392,-11.913915957131454,11.913915957131454,1_0,,,0.0
8.902150854450392,-1.47137328535742,4.186862508289076,1_1,,,0.6485737751253066
8.902150854450392,-2.3371538935604885,4.885138119787399,1_2,,,0.4531938053577309
8.902150854450392,-4.115056347499699,6.1172275491182715,2_0,(-12.572719073548411+0j),(4.115056347499699+0j),0.22017485820473484
8.902150854450392,-2.216584903150497,4.819347669798113,2_1,(-46.96391912794027+0j),(25.363586206506923+0j),0.4898027446892298
8.902150854450392,-3.0105574507887334,5.275815968796694,3_0,(-7.526996018903413+9.267651010719609j),(1.5052787253943667-2.0794698125790267j),0.15429700845521585
9.770099572992256,,,0_0,,,
9.770099572992256,,,0_1,,,
9.770099572992256,,,0_2,,,
9.770099572992256,,,0_3,,,
9.770099572992256,-12.787011211975472,12.787011211975472,1_0,,,0.0
9.770099572992256,-1.554668956734117,4.458651071867966,1_1,,,0.6513140562751453
9.770099572992256,-2.444606309959936,5.184742040882991,1_2,,,0.46246925282501417
9.770099572992256,-4.393243466857685,6.539653167872897,2_0,(-13.385277070674752+0j),(4.393243466857685+0j),0.2204897790988659
9.770099572992256,-2.3250704907388875,5.118680407841583,2_1,(-51.80135108518327+0j),(28.271499015487116+0j),0.4966880423977206
9.770099572992256,-3.1971999062258076,5.623973916902252,3_0,(-7.921641272657447+9.813630865131664j),(1.598599953112904-2.206524792353197j),0.15478708454340945
10.722672220103243,,,0_0,,,
10.722672220103243,,,0_1,,,
10.722672220103243,,,0_2,,,
10.722672220103243,,,0_3,,,
10.722672220103243,-13.756668417125205,13.756668417125205,1_0,,,0.0
10.722672220103243,-1.6478486693703371,4.761187640298238,1_1,,,0.6538996582652817
10.722672220103243,-2.5652907615156386,5.51808502541367,1_2,,,0.4713450124803366
10.722672220103243,-4.702662656871045,7.009243248180896,2_0,(-14.29046381484873+0j),(4.702662656871045+0j),0.22078532080065838
10.722672220103243,-2.446415239370149,5.451571541143645,2_1,(-57.27556008907761+0j),(31.57291600050981+0j),0.5033374742309805
10.722672220103243,-3.405164593238545,6.011200330231327,3_0,(-8.365698447180304+10.423386384899914j),(1.702582296619272-2.348359010673223j),0.15524628907334845
11.768119524349991,,,0_0,,,
11.768119524349991,,,0_1,,,
11.768119524349991,,,0_2,,,
11.768119524349991,,,0_3,,,
11.768119524349991,-14.832855818900198,14.832855818900198,1_0,,,0.0
11.768119524349991,-1.752023003410577,5.097794091662155,1_1,,,0.6563174243784877
11.768119524349991,-2.70078970836831,5.888878738995071,1_2,,,0.47976492592274184
11.768119524349991,-5.0466353366681505,7.530978910232114,2_0,(-15.298248073456916+0j),(5.0466353366681505+0j),0.22106028120329516
11.768119524349991,-2.582143964303294,5.821699712486544,2_1,(-63.45719253568919+0j),(35.311528075150314+0j),0.5097011070652641
11.768119524349991,-3.6367734387331194,6.441680952367518,3_0,(-8.86452625849261+11.103923955178987j),(1.8183867193665602-2.506555703051201j),0.15567329909648697
12.91549665014884,,,0_0,,,
12.91549665014884,,,0_1,,,
12.91549665014884,,,0_2,,,
12.91549665014884,,,0_3,,,
12.91549665014884,-16.02641278257969,16.02641278257969,1_0,,,0.0
12.91549665014884,-1.8684024668627366,5.472091846627978,1_1,,,0.6585579118131786
12.91549665014884,-2.852839828336225,6.301186935347888,1_2,,,0.4876822898721187
12.91549665014884,-5.428779413890532,8.11028482018394,2_0,(-16.419488534040948+0j),(5.428779413890532+0j),0.2213138839685001
12.91549665014884,-2.733933479748612,6.233092835292508,2_1,(-70.42033720483559+0j),(39.53285925016913+0j),0.5157350327242195
12.91549665014884,-3.8945612035402797,6.919982229209183,3_0,(-9.42397634108594+11.862887672349924j),(1.9472806017701394-2.6828437020651683j),0.15606734188341975
14.174741629268064,,,0_0,,,
14.174741629268064,,,0_1,,,
14.174741629268064,,,0_2,,,
14.174741629268064,,,0_3,,,
14.174741629268064,-17.3491208071292,17.3491208071292,1_0,,,0.0
14.174741629268064,-1.9983029486267063,5.888021676672668,1_1,,,0.6606155584406831
14.174741629268064,-3.023339199832903,6.7594482708395045,1_2,,,0.49506123989242223
14.174741629268064,-5.853030421560584,8.753061806260032,2_0,(-17.66599399721653+0j),(5.853030421560584+0j),0.22154578366083647
14.174741629268064,-2.9036200552363445,6.690151098532338,2_1,(-78.24204297320398+0j),(44.28389138683726+0j),0.5214028893382142
14.174741629268064,-4.181289590740592,7.451078077665782,3_0,(-10.050426151751008+12.708600789032943j),(2.0906447953702965-2.8791075694152557j),0.1564281913548525
15.556761439304724,,,0_0,,,
15.556761439304724,,,0_1,,,
15.556761439304724,,,0_2,,,
15.556761439304724,,,0_3,,,
15.556761439304724,-18.813785984839047,18.813785984839047,1_0,,,0.0
15.556761439304724,-2.1431519021085075,6.349866236328934,1_1,,,0.6624886537220138
15.556761439304724,-3.214356199518979,7.268502194383981,1_2,,,0.5018773743672472
15.556761439304724,-6.323665733493347,9.465724297172043,2_0,(-19.05059220495269+0j),(6.323665733493347+0j),0.22175605089185257
15.556761439304724,-3.0932081125523974,7.197672864678707,2_1,(-87.00187287124251+0j),(49.61271889993424+0j),0.5266768381136191
15.556761439304724,-4.499963434112488,8.040380479421462,3_0,(-10.750817980011751+13.650113642886433j),(2.2499817170562433-3.09739933904021j),0.15675613631451113
17.07352647470692,,,0_0,,,
17.07352647470692,,,0_1,,,
17.07352647470692,,,0_2,,,
17.07352647470692,,,0_3,,,
17.07352647470692,-20.434334669239995,20.434334669239995,1_0,,,0.0
17.07352647470692,-2.304495630455183,6.862276222691885,1_1,,,0.6641791213774266
17.07352647470692,-3.428134656258345,7.833614397041148,1_2,,,0.5081184718804221
17.07352647470692,-6.845332654217912,10.255243711002475,2_0,(-20.587209895757514+0j),(6.845332654217912+0j),0.22194513904424146
17.07352647470692,-3.304876037032712,7.760880628889988,2_1,(-96.78201188488232+0j),(55.56857655597039+0j),0.5315385409739822
17.07352647470692,-4.853847806379401,8.693773235518082,3_0,(-11.532692768150348+14.697252847724476j),(2.4269239031897-3.339950283903355j),0.15705195525327761
18.738174228603853,,,0_0,,,
18.738174228603853,,,0_1,,,
18.738174228603853,,,0_2,,,
18.738174228603853,,,0_3,,,
18.738174228603853,-22.225923825623738,22.225923825623738,1_0,,,0.0
18.738174228603853,-2.48400805608075,7.430301059626484,1_1,,,0.6656921386970531
18.738174228603853,-3.6671061144922383,8.460510521042997,1_2,,,0.5137837185720872
18.738174228603853,-7.423081145187236,11.129198854854021,2_0,(-22.290966626619625+0j),(7.423081145187236+0j),0.22211383571102292
18.738174228603853,-3.540987608396211,8.385454486146239,2_1,(-107.6673664602306+0j),(62.20187486473052+0j),0.5359789995408333
18.738174228603853,-5.246489655937099,9.417652711082004,3_0,(-12.404241847215165+15.860685646248411j),(2.62324482796855-3.609186469821263j),0.15731684276742078
20.565123083486537,,,0_0,,,
20.565123083486537,,,0_1,,,
20.565123083486537,,,0_2,,,
20.565123083486537,,,0_3,,,
20.565123083486537,-24.20506720532796,24.20506720532796,1_0,,,0.0
20.565123083486537,-2.6835013384686297,8.059424932538343,1_1,,,0.6670356308383095
20.565123083486537,-3.9338994264310436,9.155411452001223,1_2,,,0.5188830993991463
20.565123083486537,-8.062401865917844,12.095834263915414,2_0,(-24.178284675761496+0j),(8.062401865917844+0j),0.22226320312081038
20.565123083486537,-3.804101655792313,9.077567658922598,2_1,(-119.74642046919551+0j),(69.5647447717064+0j),0.5399983790481849
20.565123083486537,-5.681741525067202,10.218973631626389,3_0,(-13.37435606144151+17.15198908135384j),(2.8408707625336014-3.907745054987056j),0.15755234992558703
22.57019719633921,,,0_0,,,
22.57019719633921,,,0_1,,,
22.57019719633921,,,0_2,,,
22.57019719633921,,,0_3,,,
22.57019719633921,-26.389778175236867,26.389778175236867,1_0,,,0.0
22.57019719633921,-2.904938645427512,8.755608857498439,1_1,,,0.6682196872077403
22.57019719633921,-4.231354875728297,9.925076144166487,1_2,,,0.5234360461231344
22.57019719633921,-8.76927008069054,13.16412722572206,2_0,(-26.267016926690182+0j),(8.76927008069054+0j),0.22239451248979467
22.57019719633921,-4.096985662993583,9.84392923828924,2_1,(-133.11244010877013+0j),(77.7118225819318+0j),0.5436051778376417
22.57019719633921,-6.163789808894606,11.10530257043613,3_0,(-14.452687582314352+18.583733387942264j),(3.081894904447303-4.238493847031981j),0.15776030636984267
24.77076355991711,,,0_0,,,
24.77076355991711,,,0_1,,,
24.77076355991711,,,0_2,,,
24.77076355991711,,,0_3,,,
24.77076355991711,-28.79972980833445,28.79972980833445,1_0,,,0.0
24.77076355991711,-3.1504492959879196,9.525339285259586,1_1,,,0.6692559496685621
24.77076355991711,-4.5625413029580875,10.776851339665981,1_2,,,0.5274698053220881
24.77076355991711,-9.550195834706829,14.343864038554935,2_0,(-28.576594117348936+0j),(9.550195834706829+0j),0.2225091773255725
24.77076355991711,-4.422632299875789,10.691833746292069,2_1,(-147.86512880695653+0j),(86.70133686960708+0j),0.5468150718420197
24.77076355991711,-6.6971873866105405,12.08487921277086,3_0,(-15.649721237431208+20.169578563215897j),(3.3485936933052707-4.604553727427034j),0.15794274109340062
27.18588242732943,,,0_0,,,
27.18588242732943,,,0_1,,,
27.18588242732943,,,0_2,,,
27.18588242732943,,,0_3,,,
27.18588242732943,-31.45643274064311,31.45643274064311,1_0,,,0.0
27.18588242732943,-3.4223464120487574,10.375683578723526,1_1,,,0.6701570179851424
27.18588242732943,-4.930777066926198,11.718729211442769,1_2,,,0.5310176239042422
27.18588242732943,-10.412280684361146,15.6457259003664,2_0,(-31.1281923974248+0j),(10.412280684361146+0j),0.2226086901266265
27.18588242732943,-4.784279655732192,11.629218506086225,2_1,(-164.1126199635616+0j),(96.59641768998168+0j),0.5496495230227418
27.18588242732943,-7.286891077943114,13.166686012682737,3_0,(-16.976857186626546+21.924385654967764j),(3.6434455389715588-5.009324307950891j),0.15810180470725588
29.836472402833405,,,0_0,,,
29.836472402833405,,,0_1,,,
29.836472402833405,,,0_2,,,
29.836472402833405,,,0_3,,,
29.836472402833405,-34.383431339594445,34.383431339594445,1_0,,,0.0
29.836472402833405,-3.7231471738927717,11.314352620488156,1_1,,,0.6709359077998988
29.836472402833405,-5.339654627466206,12.759413074961131,1_2,,,0.5341169455857032
29.836472402833405,-11.363281215582301,17.081384766051976,2_0,(-33.94492193697139+0j),(11.363281215582301+0j),0.22269456579950778
29.836472402833405,-5.185435088714712,12.664729030564427,2_1,(-181.97374787515514+0j),(107.46658272543222+0j),0.5521343181157736
29.836472402833405,-7.938304029168008,14.360526495385834,3_0,(-18.446504684974897+23.86434298209769j),(3.9691520145840045-5.4565128400867025j),0.15823969889160916
32.74549162877732,,,0_0,,,
32.74549162877732,,,0_1,,,
32.74549162877732,,,0_2,,,
32.74549162877732,,,0_3,,,
32.74549162877732,-37.606518899204325,37.606518899204325,1_0,,,0.0
32.74549162877732,-4.0555956593774045,12.34977063802836,1_1,,,0.6716055886180506
32.74549162877732,-5.793072264592521,13.908394183788511,1_2,,,0.5368074687572726
32.74549162877732,-12.411679489695791,18.66360941955452,2_0,(-37.05203686465699+0j),(12.411679489695791+0j),0.22276829432045853
32.74549162877732,-5.6299055852602535,13.807795094823545,2_1,(-201.58014434676616+0j),(119.38909409277699+0j),0.5542979537401336
32.74549162877732,-8.657324191025735,15.677113461450716,3_0,(-20.072194139896872+26.00711172140481j),(4.328662095512868-5.950167570027437j),0.1583586065881491
35.93813663804629,,,0_0,,,
35.93813663804629,,,0_1,,,
35.93813663804629,,,0_2,,,
35.93813663804629,,,0_3,,,
35.93813663804629,-41.153972851119,41.153972851119,1_0,,,0.0
35.93813663804629,-4.422688353989264,13.491152524859924,1_1,,,0.6721786114388931
35.93813663804629,-6.295266192098716,15.176034525952534,1_2,,,0.5391297598451541
35.93813663804629,-13.566760713149995,20.40638221382226,2_0,(-40.4771674117925+0j),(13.566760713149995+0j),0.22283130330893558
35.93813663804629,-6.121829214702943,15.068713155893375,2_1,(-223.07872691291084+0j),(132.45055890242008+0j),0.5561704079798347
35.93813663804629,-9.450397031052534,17.12816546611363,3_0,(-21.8686942626041+28.37198335097804j),(4.725198515526268-6.494713514413894j),0.158460645763417
39.4420605943766,,,0_0,,,
39.4420605943766,,,0_1,,,
39.4420605943766,,,0_2,,,
39.4420605943766,,,0_3,,,
39.4420605943766,-45.05681132258135,45.05681132258135,1_0,,,0.0
39.4420605943766,-4.827702092334967,14.748588484867552,1_1,,,0.6726668387765841
39.4420605943766,-6.8508499556487426,16.573661164793876,1_2,,,0.541123854902368
39.4420605943766,-14.838698164038643,22.325026673299366,2_0,(-44.25057381591104+0j),(14.838698164038643+0j),0.22288493164163772
39.4420605943766,-6.665713201781402,16.458739904100895,2_1,(-246.6338255597891+0j),(146.74827195005514+0j),0.5577819034578408
39.4420605943766,-10.324574554131733,18.72651371323943,3_0,(-23.85214834573232+30.9800570084011j),(5.162287277065868-7.09499292922254j),0.158547825921848
43.28761281083062,,,0_0,,,
43.28761281083062,,,0_1,,,
43.28761281083062,,,0_2,,,
43.28761281083062,,,0_3,,,
43.28761281083062,-49.349072748827766,49.349072748827766,1_0,,,0.0
43.28761281083062,-5.274224926603091,16.133137004210205,1_1,,,0.6730812534954178
43.28761281083062,-7.464856366814756,18.113668893019952,1_2,,,0.5428282949296084
43.28761281083062,-16.238646234632093,24.4363471331402,2_0,(-48.40542504227563+0j),(16.238646234632093+0j),0.22293041135142305
43.28761281083062,-7.26647485520533,17.990194278918207,2_1,(-272.4294449846616+0j),(162.39162765445178+0j),0.5591620045608141
43.28761281083062,-11.287579698184711,20.486218855625413,3_0,(-26.04022083796088+33.854432697049624j),(5.6437898490923555-7.756309207921064j),0.1586220212281911
47.508101621027976,,,0_0,,,
47.508101621027976,,,0_1,,,
47.508101621027976,,,0_2,,,
47.508101621027976,,,0_3,,,
47.508101621027976,-54.068120632153025,54.068120632153025,1_0,,,0.0
47.508101621027976,-5.766189332722788,17.65692556560993,1_1,,,0.6734318604166578
47.508101621027976,-8.1427888498405,19.80963671584381,1_2,,,0.5442791308047766
47.508101621027976,-17.778841431795122,26.75878048618483,2_0,(-52.97810066311475+0j),(17.778841431795122+0j),0.22296885927236063
47.508101621027976,-7.929490846326172,19.676572680938673,2_1,(-300.6708437586899+0j),(179.5030600190289+0j),0.560338716054098
47.508101621027976,-12.347878038925225,22.422699724061673,3_0,(-28.452267967260383+37.020427788000084j),(6.173939019462613-8.48447646099773j),0.15868494413561415
52.1400828799969,,,0_0,,,
52.1400828799969,,,0_1,,,
52.1400828799969,,,0_2,,,
52.1400828799969,,,0_3,,,
52.1400828799969,-59.254975916909615,59.254975916909615,1_0,,,0.0
52.1400828799969,-6.3079087448845845,19.333260996639947,1_1,,,0.6737276372578389
52.1400828799969,-8.890670641036863,21.676449780098814,1_2,,,0.5455096336184015
52.1400828799969,-19.472712870325115,29.31256207168378,2_0,(-58.00852157741059+0j),(19.472712870325115+0j),0.22300127365090336
52.1400828799969,-8.660645535500128,21.532670294936377,2_1,(-331.5868404073352+0j),(198.21944799062672+0j),0.5613381361919506
52.1400828799969,-13.514754177787104,24.55287207811717,3_0,(-31.109510568322552+40.50580584451232j),(6.757377088893553-9.28587152795124j),0.15873814333505631
57.223676593502205,,,0_0,,,
57.223676593502205,,,0_1,,,
57.223676593502205,,,0_2,,,
57.223676593502205,,,0_3,,,
57.223676593502205,-64.95467981307172,64.95467981307172,1_0,,,0.0
57.223676593502205,-6.904116922271506,21.176749138575442,1_1,,,0.6739765448845495
57.223676593502205,-9.715103693301687,23.730436470684978,1_2,,,0.5465499103773571
57.223676593502205,-21.335002364427197,32.119906167735614,2_0,(-63.54050870844119+0j),(21.335002364427197+0j),0.22302853685135388
57.223676593502205,-9.466387935166306,23.57471695704694,2_1,(-365.4315483366959+0j),(218.69312485502675+0j),0.5621840683976882
57.223676593502205,-14.798396410579693,26.89530118252841,3_0,(-34.035232862149584+44.341031572623436j),(7.399198205289847-10.167492323951352j),0.15878299865466597
62.8029144183426,,,0_0,,,
62.8029144183426,,,0_1,,,
62.8029144183426,,,0_2,,,
62.8029144183426,,,0_3,,,
62.8029144183426,-71.21669025252116,71.21669025252116,1_0,,,0.0
62.8029144183426,-7.5600110403202905,23.20342570751419,1_1,,,0.6741855648551042
62.8029144183426,-10.623375427071968,25.989552875030043,1_2,,,0.5474250526155483
62.8029144183426,-23.38189571858584,35.205203287412154,2_0,(-69.62217528606517+0j),(23.38189571858584+0j),0.2230514206953732
62.8029144183426,-10.353829003024243,25.82055605398383,2_1,(-402.48122479073635+0j),(241.08958900649884+0j),0.5628965364818441
62.8029144183426,-16.210002350962483,29.470381463986318,3_0,(-37.25508323853133+48.559600714324894j),(8.10500117548124-11.137034940423238j),0.15882066463709787
68.92612104349702,,,0_0,,,
68.92612104349702,,,0_1,,,
68.92612104349702,,,0_2,,,
68.92612104349702,,,0_3,,,
68.92612104349702,-78.09531550878779,78.09531550878779,1_0,,,0.0
68.92612104349702,-8.281297968317663,25.43089808988372,1_1,,,0.6743607740848161
68.92612104349702,-11.623307651036981,28.473365618012075,1_2,,,0.5481639108860304
68.92612104349702,-25.631165437740385,38.59523495740979,2_0,(-76.30635201399768+0j),(25.631165437740385+0j),0.22307059557078648
68.92612104349702,-11.330626732587199,28.289648050718295,2_1,(-443.06178251945937+0j),(265.6057863118552+0j),0.5634984198320157
68.92612104349702,-17.76181150427684,32.30045099698712,3_0,(-40.79687582984853+53.19807638500983j),(8.88090575213842-12.202893683300738j),0.15885238093845397
75.64633275546291,,,0_0,,,
75.64633275546291,,,0_1,,,
75.64633275546291,,,0_2,,,
75.64633275546291,,,0_3,,,
75.64633275546291,-85.65018886198791,85.65018886198791,1_0,,,0.0
75.64633275546291,-9.074245745027966,27.87850178617451,1_1,,,0.6745074102393817
75.64633275546291,-12.723740761413888,31.203563155729505,1_2,,,0.5487827318398427
75.64633275546291,-28.102327763990022,42.319409747415584,2_0,(-83.65105616517765+0j),(28.102327763990022+0j),0.22308663828781347
75.64633275546291,-12.405396844925953,31.003539343140076,2_1,(-487.5034902617134+0j),(292.43949472724313+0j),0.5640029508377291
75.64633275546291,-19.46734126505305,35.41011445438136,3_0,(-44.691652349972614+58.2969130849425j),(9.733670632526527-13.37436536341086j),0.15887891316868974
83.02175681319753,,,0_0,,,
83.02175681319753,,,0_1,,,
83.02175681319753,,,0_2,,,
83.02175681319753,,,0_3,,,
83.02175681319753,-93.9467885561501,93.9467885561501,1_0,,,0.0
83.02175681319753,-9.945738178694983,30.567469010513236,1_1,,,0.6746299742620401
83.02175681319753,-13.934243345773865,34.20384555530838,1_2,,,0.5493003777934351
83.02175681319753,-30.816812849533978,46.41001971938458,2_0,(-91.7199973022072+0j),(30.816812849533978+0j),0.22310004381391518
83.02175681319753,-13.587484646813444,33.985787724203135,2_1,(-536.1864086662138+0j),(321.8196076167894+0j),0.5644252905598157
83.02175681319753,-21.341391784667678,38.826346387698045,3_0,(-48.973228923841475+63.900366771726056j),(10.670695892333839-14.661614869478996j),0.15890108480354936
91.11627561154896,,,0_0,,,
91.11627561154896,,,0_1,,,
91.11627561154896,,,0_2,,,
91.11627561154896,,,0_3,,,
91.11627561154896,-103.0570076855256,103.0570076855256,1_0,,,0.0
91.11627561154896,-10.90333601639931,33.52111548919475,1_1,,,0.6747323035859618
91.11627561154896,-15.265258097229912,37.50018245126007,1_2,,,0.5497349073057556
91.11627561154896,-33.79815261018794,50.90252301452752,2_0,(-100.58313755016182+0j),(33.79815261018794+0j),0.22311123365868032
91.11627561154896,-14.887098157571563,37.26221288880449,2_1,(-589.5368870104329+0j),(354.00354575064955+0j),0.5647799204044138
91.11627561154896,-23.400194843000683,42.57874616658633,3_0,(-53.678614515701724+70.05695814950192j),(11.700097421500343-16.075783580496118j),0.1589196633954469
100.0,,,0_0,,,
100.0,,,0_1,,,
100.0,,,0_2,,,
100.0,,,0_3,,,
100.0,-113.05977906837215,113.05977906837215,1_0,,,0.0
100.0,-11.955345761383352,36.76504794594999,1_1,,,0.6748176208294502
100.0,-16.728350017000892,41.121169598122165,1_2,,,0.5500991863653205
100.0,-37.07218848015348,55.83585571530552,2_0,(-110.31731383247845+0j),(37.07218848015348+0j),0.2231205614738026
100.0,-16.315527824397606,40.861236400763765,2_1,(-648.0128812635442+0j),(389.2671083474363+0j),0.5650772737220594
100.0,-25.661605547666937,46.69984621306877,3_0,(-58.84864320166756+76.82009133167301j),(12.830802773833469-17.629136171023575j),0.15893521249068912
