sigma,m,n,p,q,tc,coef_input_vals,error_vals_all,error_next,rel_err,pole,residue,multiplicity_pole,pole_2,res_2,remainder,k
0.01,0,0,[1.],[1.],"[1.0, 0.0, 0.0]","[1, 0.489756159319821, 0.25142333627329505]","[0.0, 0.489756159319821, 0.25142333627329505]",0.489756159319821,1.0,,,,,,,
0.01,0,1,[0.48975616 1.        ],[1.],"[1.0, 0.489756159319821, 0.0]","[1, 0.489756159319821, 0.25142333627329505]","[0.0, 0.0, 0.25142333627329505]",0.25142333627329505,1.0,,,,,,,
0.01,1,0,[1.],[-0.48975616  1.        ],"[1.0, 0.489756159319821, 0.2398610955917019]","[1, 0.489756159319821, 0.25142333627329505]","[0.0, 0.0, 0.011562240681593144]",0.011562240681593144,0.04598714205679415,2.0418324118451343,-2.0418324118451343,[1],,,0.0,[]
0.011233240329780276,0,0,[1.],[1.],"[1.0, 0.0, 0.0]","[1, 0.4805022070300357, 0.2421272303442039]","[0.0, 0.4805022070300357, 0.2421272303442039]",0.4805022070300357,1.0,,,,,,,
0.011233240329780276,0,1,[0.48050221 1.        ],[1.],"[1.0, 0.4805022070300357, 0.0]","[1, 0.4805022070300357, 0.2421272303442039]","[0.0, 0.0, 0.2421272303442039]",0.2421272303442039,1.0,,,,,,,
0.011233240329780276,1,0,[1.],[-0.48050221  1.        ],"[1.0, 0.4805022070300357, 0.2308823709607353]","[1, 0.4805022070300357, 0.2421272303442039]","[0.0, 0.0, 0.011244859383468586]",0.011244859383468586,0.04644194445822177,2.0811558934993424,-2.0811558934993424,[1],,,0.0,[]
0.012618568830660204,0,0,[1.],[1.],"[1.0, 0.0, 0.0]","[1, 0.4712483692930623, 0.2330307098828919]","[0.0, 0.4712483692930623, 0.2330307098828919]",0.4712483692930623,1.0,,,,,,,
0.012618568830660204,0,1,[0.47124837 1.        ],[1.],"[1.0, 0.4712483692930623, 0.0]","[1, 0.4712483692930623, 0.2330307098828919]","[0.0, 0.0, 0.2330307098828919]",0.2330307098828919,1.0,,,,,,,
0.012618568830660204,1,0,[1.],[-0.47124837  1.        ],"[1.0, 0.4712483692930623, 0.22207502556137043]","[1, 0.4712483692930623, 0.2330307098828919]","[0.0, 0.0, 0.01095568432152147]",0.01095568432152147,0.04701390785372099,2.122023258139096,-2.122023258139096,[1],,,0.0,[]
0.014174741629268055,0,0,[1.],[1.],"[1.0, 0.0, 0.0]","[1, 0.4619945674715374, 0.22412167514409095]","[0.0, 0.4619945674715374, 0.22412167514409095]",0.4619945674715374,1.0,,,,,,,
0.014174741629268055,0,1,[0.46199457 1.        ],[1.],"[1.0, 0.4619945674715374, 0.0]","[1, 0.4619945674715374, 0.22412167514409095]","[0.0, 0.0, 0.22412167514409095]",0.22412167514409095,1.0,,,,,,,
0.014174741629268055,1,0,[1.],[-0.46199457  1.        ],"[1.0, 0.4619945674715374, 0.2134389803732129]","[1, 0.4619945674715374, 0.22412167514409095]","[0.0, 0.0, 0.010682694770878048]",0.010682694770878048,0.04766471053730075,2.164527616575509,-2.164527616575509,[1],,,0.0,[]
0.015922827933410922,0,0,[1.],[1.],"[1.0, 0.0, 0.0]","[1, 0.4527409487660052, 0.21541754435077773]","[0.0, 0.4527409487660052, 0.21541754435077773]",0.4527409487660052,1.0,,,,,,,
0.015922827933410922,0,1,[0.45274095 1.        ],[1.],"[1.0, 0.4527409487660052, 0.0]","[1, 0.4527409487660052, 0.21541754435077773]","[0.0, 0.0, 0.21541754435077773]",0.21541754435077773,1.0,,,,,,,
0.015922827933410922,1,0,[1.],[-0.45274095  1.        ],"[1.0, 0.4527409487660052, 0.20497436668954253]","[1, 0.4527409487660052, 0.21541754435077773]","[0.0, 0.0, 0.010443177661235203]",0.010443177661235203,0.04847877034671758,2.2087686186230977,-2.2087686186230977,[1],,,0.0,[]
0.01788649529057435,0,0,[1.],[1.],"[1.0, 0.0, 0.0]","[1, 0.4434874612782417, 0.20690175103733852]","[0.0, 0.4434874612782417, 0.20690175103733852]",0.4434874612782417,1.0,,,,,,,
0.01788649529057435,0,1,[0.44348746 1.        ],[1.],"[1.0, 0.4434874612782417, 0.0]","[1, 0.4434874612782417, 0.20690175103733852]","[0.0, 0.0, 0.20690175103733852]",0.20690175103733852,1.0,,,,,,,
0.01788649529057435,1,0,[1.],[-0.44348746  1.        ],"[1.0, 0.4434874612782417, 0.19668112831101991]","[1, 0.4434874612782417, 0.20690175103733852]","[0.0, 0.0, 0.010220622726318601]",0.010220622726318601,0.049398435127183324,2.254855181514603,-2.254855181514603,[1],,,0.0,[]
0.02009233002565047,0,0,[1.],[1.],"[1.0, 0.0, 0.0]","[1, 0.4342341459120333, 0.198584431346095]","[0.0, 0.4342341459120333, 0.198584431346095]",0.4342341459120333,1.0,,,,,,,
0.02009233002565047,0,1,[0.43423415 1.        ],[1.],"[1.0, 0.4342341459120333, 0.0]","[1, 0.4342341459120333, 0.198584431346095]","[0.0, 0.0, 0.198584431346095]",0.198584431346095,1.0,,,,,,,
0.02009233002565047,1,0,[1.],[-0.43423415  1.        ],"[1.0, 0.4342341459120333, 0.18855929347595302]","[1, 0.4342341459120333, 0.198584431346095]","[0.0, 0.0, 0.010025137870141976]",0.010025137870141976,0.05048300011328714,2.302905032720709,-2.302905032720709,[1],,,0.0,[]
0.0225701971963392,0,0,[1.],[1.],"[1.0, 0.0, 0.0]","[1, 0.4249810578753001, 0.19044471052210107]","[0.0, 0.4249810578753001, 0.19044471052210107]",0.4249810578753001,1.0,,,,,,,
0.0225701971963392,0,1,[0.42498106 1.        ],[1.],"[1.0, 0.4249810578753001, 0.0]","[1, 0.4249810578753001, 0.19044471052210107]","[0.0, 0.0, 0.19044471052210107]",0.19044471052210107,1.0,,,,,,,
0.0225701971963392,1,0,[1.],[-0.42498106  1.        ],"[1.0, 0.4249810578753001, 0.18060889955280918]","[1, 0.4249810578753001, 0.19044471052210107]","[0.0, 0.0, 0.009835810969291897]",0.009835810969291897,0.05164654320052881,2.353046051039349,-2.353046051039349,[1],,,0.0,[]
0.025353644939701117,0,0,[1.],[1.],"[1.0, 0.0, 0.0]","[1, 0.4157282422447028, 0.18247452186007831]","[0.0, 0.4157282422447028, 0.18247452186007831]",0.4157282422447028,1.0,,,,,,,
0.025353644939701117,0,1,[0.41572824 1.        ],[1.],"[1.0, 0.4157282422447028, 0.0]","[1, 0.4157282422447028, 0.18247452186007831]","[0.0, 0.0, 0.18247452186007831]",0.18247452186007831,1.0,,,,,,,
0.025353644939701117,1,0,[1.],[-0.41572824  1.        ],"[1.0, 0.4157282422447028, 0.17282997139987027]","[1, 0.4157282422447028, 0.18247452186007831]","[0.0, 0.0, 0.00964455046020804]",0.00964455046020804,0.052854230617485835,2.4054175261236828,-2.4054175261236828,[1],,,0.0,[]
0.02848035868435802,0,0,[1.],[1.],"[1.0, 0.0, 0.0]","[1, 0.4064757454250285, 0.17466976056698985]","[0.0, 0.4064757454250285, 0.17466976056698985]",0.4064757454250285,1.0,,,,,,,
0.02848035868435802,0,1,[0.40647575 1.        ],[1.],"[1.0, 0.4064757454250285, 0.0]","[1, 0.4064757454250285, 0.17466976056698985]","[0.0, 0.0, 0.17466976056698985]",0.17466976056698985,1.0,,,,,,,
0.02848035868435802,1,0,[1.],[-0.40647575  1.        ],"[1.0, 0.4064757454250285, 0.16522253161883257]","[1, 0.4064757454250285, 0.17466976056698985]","[0.0, 0.0, 0.009447228948157277]",0.009447228948157277,0.054086230595902424,2.460171390926061,-2.460171390926061,[1],,,0.0,[]
0.03199267137797385,0,0,[1.],[1.],"[1.0, 0.0, 0.0]","[1, 0.3972236834112039, 0.16702865362424016]","[0.0, 0.3972236834112039, 0.16702865362424016]",0.3972236834112039,1.0,,,,,,,
0.03199267137797385,0,1,[0.39722368 1.        ],[1.],"[1.0, 0.3972236834112039, 0.0]","[1, 0.3972236834112039, 0.16702865362424016]","[0.0, 0.0, 0.16702865362424016]",0.16702865362424016,1.0,,,,,,,
0.03199267137797385,1,0,[1.],[-0.39722368  1.        ],"[1.0, 0.3972236834112039, 0.15778665466276434]","[1, 0.3972236834112039, 0.16702865362424016]","[0.0, 0.0, 0.009241998961475817]",0.009241998961475817,0.05533181739144765,2.517473256912542,-2.517473256912542,[1],,,0.0,[]
0.03593813663804628,0,0,[1.],[1.],"[1.0, 0.0, 0.0]","[1, 0.3879721129514444, 0.1595499811323203]","[0.0, 0.3879721129514444, 0.1595499811323203]",0.3879721129514444,1.0,,,,,,,
0.03593813663804628,0,1,[0.38797211 1.        ],[1.],"[1.0, 0.3879721129514444, 0.0]","[1, 0.3879721129514444, 0.1595499811323203]","[0.0, 0.0, 0.1595499811323203]",0.1595499811323203,1.0,,,,,,,
0.03593813663804628,1,0,[1.],[-0.38797211  1.        ],"[1.0, 0.3879721129514444, 0.15052236042800834]","[1, 0.3879721129514444, 0.1595499811323203]","[0.0, 0.0, 0.009027620704311956]",0.009027620704311956,0.05658177230886063,2.5775048427904723,-2.5775048427904723,[1],,,0.0,[]
0.040370172585965536,0,0,[1.],[1.],"[1.0, 0.0, 0.0]","[1, 0.3787211578652362, 0.15223799566235674]","[0.0, 0.3787211578652362, 0.15223799566235674]",0.3787211578652362,1.0,,,,,,,
0.040370172585965536,0,1,[0.37872116 1.        ],[1.],"[1.0, 0.3787211578652362, 0.0]","[1, 0.3787211578652362, 0.15223799566235674]","[0.0, 0.0, 0.15223799566235674]",0.15223799566235674,1.0,,,,,,,
0.040370172585965536,1,0,[1.],[-0.37872116  1.        ],"[1.0, 0.3787211578652362, 0.14342971541478516]","[1, 0.3787211578652362, 0.15223799566235674]","[0.0, 0.0, 0.008808280247571576]",0.008808280247571576,0.057858619388993726,2.6404651000666806,-2.6404651000666806,[1],,,0.0,[]
0.04534878508128582,0,0,[1.],[1.],"[1.0, 0.0, 0.0]","[1, 0.3694709617525233, 0.1450986207506372]","[0.0, 0.3694709617525233, 0.1450986207506372]",0.3694709617525233,1.0,,,,,,,
0.04534878508128582,0,1,[0.36947096 1.        ],[1.],"[1.0, 0.3694709617525233, 0.0]","[1, 0.3694709617525233, 0.1450986207506372]","[0.0, 0.0, 0.1450986207506372]",0.1450986207506372,1.0,,,,,,,
0.04534878508128582,1,0,[1.],[-0.36947096  1.        ],"[1.0, 0.3694709617525233, 0.13650879157833454]","[1, 0.3694709617525233, 0.1450986207506372]","[0.0, 0.0, 0.008589829172302665]",0.008589829172302665,0.05919993675932266,2.7065726498685265,-2.7065726498685265,[1],,,0.0,[]
0.0509413801481638,0,0,[1.],[1.],"[1.0, 0.0, 0.0]","[1, 0.36022169835831297, 0.13813203257900955]","[0.0, 0.36022169835831297, 0.13813203257900955]",0.36022169835831297,1.0,,,,,,,
0.0509413801481638,0,1,[0.3602217 1.       ],[1.],"[1.0, 0.36022169835831297, 0.0]","[1, 0.36022169835831297, 0.13813203257900955]","[0.0, 0.0, 0.13813203257900955]",0.13813203257900955,1.0,,,,,,,
0.0509413801481638,1,0,[1.],[-0.3602217  1.       ],"[1.0, 0.36022169835831297, 0.12975967196814742]","[1, 0.36022169835831297, 0.13813203257900955]","[0.0, 0.0, 0.008372360610862134]",0.008372360610862134,0.0606112894637474,2.7760681951071664,-2.7760681951071664,[1],,,0.0,[]
0.05722367659350217,0,0,[1.],[1.],"[1.0, 0.0, 0.0]","[1, 0.3509735779673127, 0.13134111430787918]","[0.0, 0.3509735779673127, 0.13134111430787918]",0.3509735779673127,1.0,,,,,,,
0.05722367659350217,0,1,[0.35097358 1.        ],[1.],"[1.0, 0.3509735779673127, 0.0]","[1, 0.3509735779673127, 0.13134111430787918]","[0.0, 0.0, 0.13134111430787918]",0.13134111430787918,1.0,,,,,,,
0.05722367659350217,1,0,[1.],[-0.35097358  1.        ],"[1.0, 0.3509735779673127, 0.12318245243117733]","[1, 0.3509735779673127, 0.13134111430787918]","[0.0, 0.0, 0.008158661876701848]",0.008158661876701848,0.06211811068982539,2.849217327958326,-2.849217327958326,[1],,,0.0,[]
0.06428073117284319,0,0,[1.],[1.],"[1.0, 0.0, 0.0]","[1, 0.3417268589482709, 0.12472474420629498]","[0.0, 0.3417268589482709, 0.12472474420629498]",0.3417268589482709,1.0,,,,,,,
0.06428073117284319,0,1,[0.34172686 1.        ],[1.],"[1.0, 0.3417268589482709, 0.0]","[1, 0.3417268589482709, 0.12472474420629498]","[0.0, 0.0, 0.12472474420629498]",0.12472474420629498,1.0,,,,,,,
0.06428073117284319,1,0,[1.],[-0.34172686  1.        ],"[1.0, 0.3417268589482709, 0.11677724612665141]","[1, 0.3417268589482709, 0.12472474420629498]","[0.0, 0.0, 0.007947498079643567]",0.007947498079643567,0.06372029969047993,2.9263137321944472,-2.9263137321944472,[1],,,0.0,[]
0.07220809018385464,0,0,[1.],[1.],"[1.0, 0.0, 0.0]","[1, 0.3324818556697395, 0.11828021784035955]","[0.0, 0.3324818556697395, 0.11828021784035955]",0.3324818556697395,1.0,,,,,,,
0.07220809018385464,0,1,[0.33248186 1.        ],[1.],"[1.0, 0.3324818556697395, 0.0]","[1, 0.3324818556697395, 0.11828021784035955]","[0.0, 0.0, 0.11828021784035955]",0.11828021784035955,1.0,,,,,,,
0.07220809018385464,1,0,[1.],[-0.33248186  1.        ],"[1.0, 0.3324818556697395, 0.11054418434959347]","[1, 0.3324818556697395, 0.11828021784035955]","[0.0, 0.0, 0.007736033490766084]",0.007736033490766084,0.06540428849401726,3.007682924488123,-3.007682924488123,[1],,,0.0,[]
0.08111308307896872,0,0,[1.],[1.],"[1.0, 0.0, 0.0]","[1, 0.3232389514651411, 0.11200713586544937]","[0.0, 0.3232389514651411, 0.11200713586544937]",0.3232389514651411,1.0,,,,,,,
0.08111308307896872,0,1,[0.32323895 1.        ],[1.],"[1.0, 0.3232389514651411, 0.0]","[1, 0.3232389514651411, 0.11200713586544937]","[0.0, 0.0, 0.11200713586544937]",0.11200713586544937,1.0,,,,,,,
0.08111308307896872,1,0,[1.],[-0.32323895  1.        ],"[1.0, 0.3232389514651411, 0.10448341974428384]","[1, 0.3232389514651411, 0.11200713586544937]","[0.0, 0.0, 0.007523716121165536]",0.007523716121165536,0.06717175707629501,3.0936865605686217,-3.0936865605686217,[1],,,0.0,[]
0.09111627561154892,0,0,[1.],[1.],"[1.0, 0.0, 0.0]","[1, 0.3139986108095653, 0.10590486033175804]","[0.0, 0.3139986108095653, 0.10590486033175804]",0.3139986108095653,1.0,,,,,,,
0.09111627561154892,0,1,[0.31399861 1.        ],[1.],"[1.0, 0.3139986108095653, 0.0]","[1, 0.3139986108095653, 0.10590486033175804]","[0.0, 0.0, 0.10590486033175804]",0.10590486033175804,1.0,,,,,,,
0.09111627561154892,1,0,[1.],[-0.31399861  1.        ],"[1.0, 0.3139986108095653, 0.09859512759033687]","[1, 0.3139986108095653, 0.10590486033175804]","[0.0, 0.0, 0.007309732741421174]",0.007309732741421174,0.06902169285264786,3.184727465582587,-3.184727465582587,[1],,,0.0,[]
0.10235310218990264,0,0,[1.],[1.],"[1.0, 0.0, 0.0]","[1, 0.3047614005915244, 0.0999745001575857]","[0.0, 0.3047614005915244, 0.0999745001575857]",0.3047614005915244,1.0,,,,,,,
0.10235310218990264,0,1,[0.3047614 1.       ],[1.],"[1.0, 0.3047614005915244, 0.0]","[1, 0.3047614005915244, 0.0999745001575857]","[0.0, 0.0, 0.0999745001575857]",0.0999745001575857,1.0,,,,,,,
0.10235310218990264,1,0,[1.],[-0.3047614  1.       ],"[1.0, 0.3047614005915244, 0.09287951129050762]","[1, 0.3047614005915244, 0.0999745001575857]","[0.0, 0.0, 0.007094988867078086]",0.007094988867078086,0.07096798539522124,3.281255428210585,-3.281255428210585,[1],,,0.0,[]
0.11497569953977355,0,0,[1.],[1.],"[1.0, 0.0, 0.0]","[1, 0.2955280069655413, 0.09421722065687597]","[0.0, 0.2955280069655413, 0.09421722065687597]",0.2955280069655413,1.0,,,,,,,
0.11497569953977355,0,1,[0.29552801 1.        ],[1.],"[1.0, 0.2955280069655413, 0.0]","[1, 0.2955280069655413, 0.09421722065687597]","[0.0, 0.0, 0.09421722065687597]",0.09421722065687597,1.0,,,,,,,
0.11497569953977355,1,0,[1.],[-0.29552801  1.        ],"[1.0, 0.2955280069655413, 0.08733680290102504]","[1, 0.2955280069655413, 0.09421722065687597]","[0.0, 0.0, 0.006880417755850937]",0.006880417755850937,0.07302717813029443,3.3837740465545805,-3.3837740465545805,[1],,,0.0,[]
0.1291549665014884,0,0,[1.],[1.],"[1.0, 0.0, 0.0]","[1, 0.2862992619328552, 0.08863384661309216]","[0.0, 0.2862992619328552, 0.08863384661309216]",0.2862992619328552,1.0,,,,,,,
0.1291549665014884,0,1,[0.28629926 1.        ],[1.],"[1.0, 0.2862992619328552, 0.0]","[1, 0.2862992619328552, 0.08863384661309216]","[0.0, 0.0, 0.08863384661309216]",0.08863384661309216,1.0,,,,,,,
0.1291549665014884,1,0,[1.],[-0.28629926  1.        ],"[1.0, 0.2862992619328552, 0.08196726738329764]","[1, 0.2862992619328552, 0.08863384661309216]","[0.0, 0.0, 0.0066665792297945226]",0.0066665792297945226,0.07521482463573681,3.4928486830487415,-3.4928486830487415,[1],,,0.0,[]
0.14508287784959395,0,0,[1.],[1.],"[1.0, 0.0, 0.0]","[1, 0.2770761718549051, 0.0832237280877016]","[0.0, 0.2770761718549051, 0.0832237280877016]",0.2770761718549051,1.0,,,,,,,
0.14508287784959395,0,1,[0.27707617 1.        ],[1.],"[1.0, 0.2770761718549051, 0.0]","[1, 0.2770761718549051, 0.0832237280877016]","[0.0, 0.0, 0.0832237280877016]",0.0832237280877016,1.0,,,,,,,
0.14508287784959395,1,0,[1.],[-0.27707617  1.        ],"[1.0, 0.2770761718549051, 0.07677120500976889]","[1, 0.2770761718549051, 0.0832237280877016]","[0.0, 0.0, 0.0064525230779327175]",0.0064525230779327175,0.07753225223379821,3.6091158373722023,-3.6091158373722023,[1],,,0.0,[]
0.16297508346206446,0,0,[1.],[1.],"[1.0, 0.0, 0.0]","[1, 0.26785995059783324, 0.07798718046950474]","[0.0, 0.26785995059783324, 0.07798718046950474]",0.26785995059783324,1.0,,,,,,,
0.16297508346206446,0,1,[0.26785995 1.        ],[1.],"[1.0, 0.26785995059783324, 0.0]","[1, 0.26785995059783324, 0.07798718046950474]","[0.0, 0.0, 0.07798718046950474]",0.07798718046950474,1.0,,,,,,,
0.16297508346206446,1,0,[1.],[-0.26785995  1.        ],"[1.0, 0.26785995059783324, 0.07174895313427367]","[1, 0.26785995059783324, 0.07798718046950474]","[0.0, 0.0, 0.006238227335231078]",0.006238227335231078,0.07999042019053897,3.733294200077737,-3.733294200077737,[1],,,0.0,[]
0.1830738280295368,0,0,[1.],[1.],"[1.0, 0.0, 0.0]","[1, 0.25865206050837924, 0.07292333163163474]","[0.0, 0.25865206050837924, 0.07292333163163474]",0.25865206050837924,1.0,,,,,,,
0.1830738280295368,0,1,[0.25865206 1.        ],[1.],"[1.0, 0.25865206050837924, 0.0]","[1, 0.25865206050837924, 0.07292333163163474]","[0.0, 0.0, 0.07292333163163474]",0.07292333163163474,1.0,,,,,,,
0.1830738280295368,1,0,[1.],[-0.25865206  1.        ],"[1.0, 0.25865206050837924, 0.06690088840523027]","[1, 0.25865206050837924, 0.07292333163163474]","[0.0, 0.0, 0.006022443226404467]",0.006022443226404467,0.08258595831614311,3.8661976944413485,-3.8661976944413485,[1],,,0.0,[]
0.20565123083486514,0,0,[1.],[1.],"[1.0, 0.0, 0.0]","[1, 0.2494542624544915, 0.06803373751690116]","[0.0, 0.2494542624544915, 0.06803373751690116]",0.2494542624544915,1.0,,,,,,,
0.20565123083486514,0,1,[0.24945426 1.        ],[1.],"[1.0, 0.2494542624544915, 0.0]","[1, 0.2494542624544915, 0.06803373751690116]","[0.0, 0.0, 0.06803373751690116]",0.06803373751690116,1.0,,,,,,,
0.20565123083486514,1,0,[1.],[-0.24945426  1.        ],"[1.0, 0.2494542624544915, 0.062227429056714335]","[1, 0.2494542624544915, 0.06803373751690116]","[0.0, 0.0, 0.005806308460186822]",0.005806308460186822,0.0853445462810918,4.008750903514556,-4.008750903514556,[1],,,0.0,[]
0.2310129700083159,0,0,[1.],[1.],"[1.0, 0.0, 0.0]","[1, 0.2402686635787804, 0.0633185323623905]","[0.0, 0.2402686635787804, 0.0633185323623905]",0.2402686635787804,1.0,,,,,,,
0.2310129700083159,0,1,[0.24026866 1.        ],[1.],"[1.0, 0.2402686635787804, 0.0]","[1, 0.2402686635787804, 0.0633185323623905]","[0.0, 0.0, 0.0633185323623905]",0.0633185323623905,1.0,,,,,,,
0.2310129700083159,1,0,[1.],[-0.24026866  1.        ],"[1.0, 0.2402686635787804, 0.057729030697933156]","[1, 0.2402686635787804, 0.0633185323623905]","[0.0, 0.0, 0.005589501664457347]",0.005589501664457347,0.08827591948068209,4.162007583948272,-4.162007583948272,[1],,,0.0,[]
0.2595024211399736,0,0,[1.],[1.],"[1.0, 0.0, 0.0]","[1, 0.23109778964266986, 0.058778687646918036]","[0.0, 0.23109778964266986, 0.058778687646918036]",0.23109778964266986,1.0,,,,,,,
0.2595024211399736,0,1,[0.23109779 1.        ],[1.],"[1.0, 0.23109778964266986, 0.0]","[1, 0.23109778964266986, 0.058778687646918036]","[0.0, 0.0, 0.058778687646918036]",0.058778687646918036,1.0,,,,,,,
0.2595024211399736,1,0,[1.],[-0.23109779  1.        ],"[1.0, 0.23109778964266986, 0.05340618837772769]","[1, 0.23109778964266986, 0.058778687646918036]","[0.0, 0.0, 0.005372499269190346]",0.005372499269190346,0.0914021643603682,4.327172499339908,-4.327172499339908,[1],,,0.0,[]
0.2915053062825176,0,0,[1.],[1.],"[1.0, 0.0, 0.0]","[1, 0.2219446527485588, 0.05441432615605376]","[0.0, 0.2219446527485588, 0.05441432615605376]",0.2219446527485588,1.0,,,,,,,
0.2915053062825176,0,1,[0.22194465 1.        ],[1.],"[1.0, 0.2219446527485588, 0.0]","[1, 0.2219446527485588, 0.05441432615605376]","[0.0, 0.0, 0.05441432615605376]",0.05441432615605376,1.0,,,,,,,
0.2915053062825176,1,0,[1.],[-0.22194465  1.        ],"[1.0, 0.2219446527485588, 0.04925942888367835]","[1, 0.2219446527485588, 0.05441432615605376]","[0.0, 0.0, 0.0051548972723754125]",0.0051548972723754125,0.094734192932791,4.505627811330514,-4.505627811330514,[1],,,0.0,[]
0.32745491628777285,0,0,[1.],[1.],"[1.0, 0.0, 0.0]","[1, 0.21281283667818374, 0.05022585853156236]","[0.0, 0.21281283667818374, 0.05022585853156236]",0.21281283667818374,1.0,,,,,,,
0.32745491628777285,0,1,[0.21281284 1.        ],[1.],"[1.0, 0.21281283667818374, 0.0]","[1, 0.21281283667818374, 0.05022585853156236]","[0.0, 0.0, 0.05022585853156236]",0.05022585853156236,1.0,,,,,,,
0.32745491628777285,1,0,[1.],[-0.21281284  1.        ],"[1.0, 0.21281283667818374, 0.045289303455015306]","[1, 0.21281283667818374, 0.05022585853156236]","[0.0, 0.0, 0.004936555076547056]",0.004936555076547056,0.0982871218307773,4.698964665896556,-4.698964665896556,[1],,,0.0,[]
0.3678379771828633,0,0,[1.],[1.],"[1.0, 0.0, 0.0]","[1, 0.2037065919583176, 0.04621384249012983]","[0.0, 0.2037065919583176, 0.04621384249012983]",0.2037065919583176,1.0,,,,,,,
0.3678379771828633,0,1,[0.20370659 1.        ],[1.],"[1.0, 0.2037065919583176, 0.0]","[1, 0.2037065919583176, 0.04621384249012983]","[0.0, 0.0, 0.04621384249012983]",0.04621384249012983,1.0,,,,,,,
0.3678379771828633,1,0,[1.],[-0.20370659  1.        ],"[1.0, 0.2037065919583176, 0.04149637560727251]","[1, 0.2037065919583176, 0.04621384249012983]","[0.0, 0.0, 0.0047174668828573185]",0.0047174668828573185,0.10207908775092348,4.909021305528589,-4.909021305528589,[1],,,0.0,[]
0.4132012400115336,0,0,[1.],[1.],"[1.0, 0.0, 0.0]","[1, 0.1946309412126038, 0.04237883306312616]","[0.0, 0.1946309412126038, 0.04237883306312616]",0.1946309412126038,1.0,,,,,,,
0.4132012400115336,0,1,[0.19463094 1.        ],[1.],"[1.0, 0.1946309412126038, 0.0]","[1, 0.1946309412126038, 0.04237883306312616]","[0.0, 0.0, 0.04237883306312616]",0.04237883306312616,1.0,,,,,,,
0.4132012400115336,1,0,[1.],[-0.19463094  1.        ],"[1.0, 0.1946309412126038, 0.037881203277304036]","[1, 0.1946309412126038, 0.04237883306312616]","[0.0, 0.0, 0.004497629785822126]",0.004497629785822126,0.10612915601339469,5.1379292201421185,-5.1379292201421185,[1],,,0.0,[]
0.464158883361278,0,0,[1.],[1.],"[1.0, 0.0, 0.0]","[1, 0.18559179768776685, 0.03872149685038892]","[0.0, 0.18559179768776685, 0.03872149685038892]",0.18559179768776685,1.0,,,,,,,
0.464158883361278,0,1,[0.1855918 1.       ],[1.],"[1.0, 0.18559179768776685, 0.0]","[1, 0.18559179768776685, 0.03872149685038892]","[0.0, 0.0, 0.03872149685038892]",0.03872149685038892,1.0,,,,,,,
0.464158883361278,1,0,[1.],[-0.1855918  1.       ],"[1.0, 0.18559179768776685, 0.03444431536897698]","[1, 0.18559179768776685, 0.03872149685038892]","[0.0, 0.0, 0.004277181481411943]",0.004277181481411943,0.11046012756009929,5.388169156496695,-5.388169156496695,[1],,,0.0,[]
0.5214008287999684,0,0,[1.],[1.],"[1.0, 0.0, 0.0]","[1, 0.1765960922118638, 0.03524233870277931]","[0.0, 0.1765960922118638, 0.03524233870277931]",0.1765960922118638,1.0,,,,,,,
0.5214008287999684,0,1,[0.17659609 1.        ],[1.],"[1.0, 0.1765960922118638, 0.0]","[1, 0.1765960922118638, 0.03524233870277931]","[0.0, 0.0, 0.03524233870277931]",0.03524233870277931,1.0,,,,,,,
0.5214008287999684,1,0,[1.],[-0.17659609  1.        ],"[1.0, 0.1765960922118638, 0.031186179784501097]","[1, 0.1765960922118638, 0.03524233870277931]","[0.0, 0.0, 0.0040561589182782146]",0.0040561589182782146,0.11509335269961338,5.662639458637011,-5.662639458637011,[1],,,0.0,[]
0.5857020818056667,0,0,[1.],[1.],"[1.0, 0.0, 0.0]","[1, 0.1676519108364828, 0.03194183003621252]","[0.0, 0.1676519108364828, 0.03194183003621252]",0.1676519108364828,1.0,,,,,,,
0.5857020818056667,0,1,[0.16765191 1.        ],[1.],"[1.0, 0.1676519108364828, 0.0]","[1, 0.1676519108364828, 0.03194183003621252]","[0.0, 0.0, 0.03194183003621252]",0.03194183003621252,1.0,,,,,,,
0.5857020818056667,1,0,[1.],[-0.16765191  1.        ],"[1.0, 0.1676519108364828, 0.028107163207123975]","[1, 0.1676519108364828, 0.03194183003621252]","[0.0, 0.0, 0.0038346668290885413]",0.0038346668290885413,0.12005156951687401,5.9647396502109515,-5.9647396502109515,[1],,,0.0,[]
0.6579332246575679,0,0,[1.],[1.],"[1.0, 0.0, 0.0]","[1, 0.1587686382337254, 0.028820360628077607]","[0.0, 0.1587686382337254, 0.028820360628077607]",0.1587686382337254,1.0,,,,,,,
0.6579332246575679,0,1,[0.15876864 1.        ],[1.],"[1.0, 0.1587686382337254, 0.0]","[1, 0.1587686382337254, 0.028820360628077607]","[0.0, 0.0, 0.028820360628077607]",0.028820360628077607,1.0,,,,,,,
0.6579332246575679,1,0,[1.],[-0.15876864  1.        ],"[1.0, 0.1587686382337254, 0.025207480486591567]","[1, 0.1587686382337254, 0.028820360628077607]","[0.0, 0.0, 0.0036128801414860405]",0.0036128801414860405,0.1253586028332439,6.298473118651348,-6.298473118651348,[1],,,0.0,[]
0.739072203352578,0,0,[1.],[1.],"[1.0, 0.0, 0.0]","[1, 0.14995710359411749, 0.025878179626549314]","[0.0, 0.14995710359411749, 0.025878179626549314]",0.14995710359411749,1.0,,,,,,,
0.739072203352578,0,1,[0.1499571 1.       ],[1.],"[1.0, 0.14995710359411749, 0.0]","[1, 0.14995710359411749, 0.025878179626549314]","[0.0, 0.0, 0.025878179626549314]",0.025878179626549314,1.0,,,,,,,
0.739072203352578,1,0,[1.],[-0.1499571  1.       ],"[1.0, 0.14995710359411749, 0.022487132918336882]","[1, 0.14995710359411749, 0.025878179626549314]","[0.0, 0.0, 0.0033910467082124314]",0.0033910467082124314,0.13103884265234175,6.668573718966042,-6.668573718966042,[1],,,0.0,[]
0.8302175681319743,0,0,[1.],[1.],"[1.0, 0.0, 0.0]","[1, 0.14122972316154225, 0.023115354597461644]","[0.0, 0.14122972316154225, 0.023115354597461644]",0.14122972316154225,1.0,,,,,,,
0.8302175681319743,0,1,[0.14122972 1.        ],[1.],"[1.0, 0.14122972316154225, 0.0]","[1, 0.14122972316154225, 0.023115354597461644]","[0.0, 0.0, 0.023115354597461644]",0.023115354597461644,1.0,,,,,,,
0.8302175681319743,1,0,[1.],[-0.14122972  1.        ],"[1.0, 0.14122972316154225, 0.019945834704285865]","[1, 0.14122972316154225, 0.023115354597461644]","[0.0, 0.0, 0.003169519893175779]",0.003169519893175779,0.1371175112115231,7.080662466895682,-7.080662466895682,[1],,,0.0,[]
0.93260334688322,0,0,[1.],[1.],"[1.0, 0.0, 0.0]","[1, 0.13260063156293395, 0.020531693988038432]","[0.0, 0.13260063156293395, 0.020531693988038432]",0.13260063156293395,1.0,,,,,,,
0.93260334688322,0,1,[0.13260063 1.        ],[1.],"[1.0, 0.13260063156293395, 0.0]","[1, 0.13260063156293395, 0.020531693988038432]","[0.0, 0.0, 0.020531693988038432]",0.020531693988038432,1.0,,,,,,,
0.93260334688322,1,0,[1.],[-0.13260063  1.        ],"[1.0, 0.13260063156293395, 0.017582927490888953]","[1, 0.13260063156293395, 0.020531693988038432]","[0.0, 0.0, 0.00294876649714948]",0.00294876649714948,0.14362022436470184,7.541442210442168,-7.541442210442168,[1],,,0.0,[]
1.0476157527896652,0,0,[1.],[1.],"[1.0, 0.0, 0.0]","[1, 0.1240857919613328, 0.018126612217687386]","[0.0, 0.1240857919613328, 0.018126612217687386]",0.1240857919613328,1.0,,,,,,,
1.0476157527896652,0,1,[0.12408579 1.        ],[1.],"[1.0, 0.1240857919613328, 0.0]","[1, 0.1240857919613328, 0.018126612217687386]","[0.0, 0.0, 0.018126612217687386]",0.018126612217687386,1.0,,,,,,,
1.0476157527896652,1,0,[1.],[-0.12408579  1.        ],"[1.0, 0.1240857919613328, 0.015397283766671165]","[1, 0.1240857919613328, 0.018126612217687386]","[0.0, 0.0, 0.0027293284510162205]",0.0027293284510162205,0.15057024546225062,8.058940384662383,-8.058940384662383,[1],,,0.0,[]
1.1768119524349978,0,0,[1.],[1.],"[1.0, 0.0, 0.0]","[1, 0.1157030720871691, 0.01589910561338907]","[0.0, 0.1157030720871691, 0.01589910561338907]",0.1157030720871691,1.0,,,,,,,
1.1768119524349978,0,1,[0.11570307 1.        ],[1.],"[1.0, 0.1157030720871691, 0.0]","[1, 0.1157030720871691, 0.01589910561338907]","[0.0, 0.0, 0.01589910561338907]",0.01589910561338907,1.0,,,,,,,
1.1768119524349978,1,0,[1.],[-0.11570307  1.        ],"[1.0, 0.1157030720871691, 0.013387200890408648]","[1, 0.1157030720871691, 0.01589910561338907]","[0.0, 0.0, 0.002511904722980421]",0.002511904722980421,0.1579903161889231,8.642812865388862,-8.642812865388862,[1],,,0.0,[]
1.3219411484660286,0,0,[1.],[1.],"[1.0, 0.0, 0.0]","[1, 0.10747227172204876, 0.013847621727452441]","[0.0, 0.10747227172204876, 0.013847621727452441]",0.10747227172204876,1.0,,,,,,,
1.3219411484660286,0,1,[0.10747227 1.        ],[1.],"[1.0, 0.10747227172204876, 0.0]","[1, 0.10747227172204876, 0.013847621727452441]","[0.0, 0.0, 0.013847621727452441]",0.013847621727452441,1.0,,,,,,,
1.3219411484660286,1,0,[1.],[-0.10747227  1.        ],"[1.0, 0.10747227172204876, 0.011550289189097881]","[1, 0.10747227172204876, 0.013847621727452441]","[0.0, 0.0, 0.0022973325383545597]",0.0022973325383545597,0.16590087334637224,9.304725618774116,-9.304725618774116,[1],,,0.0,[]
1.4849682622544653,0,0,[1.],[1.],"[1.0, 0.0, 0.0]","[1, 0.09941508382974686, 0.011969943869476134]","[0.0, 0.09941508382974686, 0.011969943869476134]",0.09941508382974686,1.0,,,,,,,
1.4849682622544653,0,1,[0.09941508 1.        ],[1.],"[1.0, 0.09941508382974686, 0.0]","[1, 0.09941508382974686, 0.011969943869476134]","[0.0, 0.0, 0.011969943869476134]",0.011969943869476134,1.0,,,,,,,
1.4849682622544653,1,0,[1.],[-0.09941508  1.        ],"[1.0, 0.09941508382974686, 0.009883358892875595]","[1, 0.09941508382974686, 0.011969943869476134]","[0.0, 0.0, 0.002086584976600539]",0.002086584976600539,0.17431869350042814,10.058835756881203,-10.058835756881203,[1],,,0.0,[]
1.6681005372000592,0,0,[1.],[1.],"[1.0, 0.0, 0.0]","[1, 0.09155497110796916, 0.01026308123421168]","[0.0, 0.09155497110796916, 0.01026308123421168]",0.09155497110796916,1.0,,,,,,,
1.6681005372000592,0,1,[0.09155497 1.        ],[1.],"[1.0, 0.09155497110796916, 0.0]","[1, 0.09155497110796916, 0.01026308123421168]","[0.0, 0.0, 0.01026308123421168]",0.01026308123421168,1.0,,,,,,,
1.6681005372000592,1,0,[1.],[-0.09155497  1.        ],"[1.0, 0.09155497110796916, 0.008382312734581067]","[1, 0.09155497110796916, 0.01026308123421168]","[0.0, 0.0, 0.0018807684996306126]",0.0018807684996306126,0.18325573545702104,10.92239982054844,-10.92239982054844,[1],,,0.0,[]
1.873817422860383,0,0,[1.],[1.],"[1.0, 0.0, 0.0]","[1, 0.08391693887731935, 0.008723159454806749]","[0.0, 0.08391693887731935, 0.008723159454806749]",0.08391693887731935,1.0,,,,,,,
1.873817422860383,0,1,[0.08391694 1.        ],[1.],"[1.0, 0.08391693887731935, 0.0]","[1, 0.08391693887731935, 0.008723159454806749]","[0.0, 0.0, 0.008723159454806749]",0.008723159454806749,1.0,,,,,,,
1.873817422860383,1,0,[1.],[-0.08391694  1.        ],"[1.0, 0.08391693887731935, 0.007042052630539752]","[1, 0.08391693887731935, 0.008723159454806749]","[0.0, 0.0, 0.0016811068242669966]",0.0016811068242669966,0.19271765384738568,11.916545257470956,-11.916545257470956,[1],,,0.0,[]
2.10490414451202,0,0,[1.],[1.],"[1.0, 0.0, 0.0]","[1, 0.07652718712327397, 0.0073453276243252265]","[0.0, 0.07652718712327397, 0.0073453276243252265]",0.07652718712327397,1.0,,,,,,,
2.10490414451202,0,1,[0.07652719 1.        ],[1.],"[1.0, 0.07652718712327397, 0.0]","[1, 0.07652718712327397, 0.0073453276243252265]","[0.0, 0.0, 0.0073453276243252265]",0.0073453276243252265,1.0,,,,,,,
2.10490414451202,1,0,[1.],[-0.07652719  1.        ],"[1.0, 0.07652718712327397, 0.005856410369000589]","[1, 0.07652718712327397, 0.0073453276243252265]","[0.0, 0.0, 0.0014889172553246375]",0.0014889172553246375,0.2027026337659671,13.06725149049511,-13.06725149049511,[1],,,0.0,[]
2.3644894126454066,0,0,[1.],[1.],"[1.0, 0.0, 0.0]","[1, 0.06941262831129975, 0.006123673812344586]","[0.0, 0.06941262831129975, 0.006123673812344586]",0.06941262831129975,1.0,,,,,,,
2.3644894126454066,0,1,[0.06941263 1.        ],[1.],"[1.0, 0.06941262831129975, 0.0]","[1, 0.06941262831129975, 0.006123673812344586]","[0.0, 0.0, 0.006123673812344586]",0.006123673812344586,1.0,,,,,,,
2.3644894126454066,1,0,[1.],[-0.06941263  1.        ],"[1.0, 0.06941262831129975, 0.004818112969082652]","[1, 0.06941262831129975, 0.006123673812344586]","[0.0, 0.0, 0.0013055608432619341]",0.0013055608432619341,0.21319895266630323,14.406600417365395,-14.406600417365395,[1],,,0.0,[]
2.656087782946687,0,0,[1.],[1.],"[1.0, 0.0, 0.0]","[1, 0.06260026477139467, 0.005051187553406458]","[0.0, 0.06260026477139467, 0.005051187553406458]",0.06260026477139467,1.0,,,,,,,
2.656087782946687,0,1,[0.06260026 1.        ],[1.],"[1.0, 0.06260026477139467, 0.0]","[1, 0.06260026477139467, 0.005051187553406458]","[0.0, 0.0, 0.005051187553406458]",0.005051187553406458,1.0,,,,,,,
2.656087782946687,1,0,[1.],[-0.06260026  1.        ],"[1.0, 0.06260026477139467, 0.003918793149448717]","[1, 0.06260026477139467, 0.005051187553406458]","[0.0, 0.0, 0.0011323944039577415]",0.0011323944039577415,0.22418379677746647,15.974373329758697,-15.974373329758697,[1],,,0.0,[]
2.9836472402833403,0,0,[1.],[1.],"[1.0, 0.0, 0.0]","[1, 0.05611642977616619, 0.004119756766402241]","[0.0, 0.05611642977616619, 0.004119756766402241]",0.05611642977616619,1.0,,,,,,,
2.9836472402833403,0,1,[0.05611643 1.        ],[1.],"[1.0, 0.05611642977616619, 0.0]","[1, 0.05611642977616619, 0.004119756766402241]","[0.0, 0.0, 0.004119756766402241]",0.004119756766402241,1.0,,,,,,,
2.9836472402833403,1,0,[1.],[-0.05611643  1.        ],"[1.0, 0.05611642977616619, 0.0031490536908233913]","[1, 0.05611642977616619, 0.004119756766402241]","[0.0, 0.0, 0.0009707030755788494]",0.0009707030755788494,0.23562145306616214,17.82009304563279,-17.82009304563279,[1],,,0.0,[]
3.3516026509388412,0,0,[1.],[1.],"[1.0, 0.0, 0.0]","[1, 0.049985910090457976, 0.0033202214051376213]","[0.0, 0.049985910090457976, 0.0033202214051376213]",0.049985910090457976,1.0,,,,,,,
3.3516026509388412,0,1,[0.04998591 1.        ],[1.],"[1.0, 0.049985910090457976, 0.0]","[1, 0.049985910090457976, 0.0033202214051376213]","[0.0, 0.0, 0.0033202214051376213]",0.0033202214051376213,1.0,,,,,,,
3.3516026509388412,1,0,[1.],[-0.04998591  1.        ],"[1.0, 0.049985910090457976, 0.0024985912075713487]","[1, 0.049985910090457976, 0.0033202214051376213]","[0.0, 0.0, 0.0008216301975662726]",0.0008216301975662726,0.2474624723203411,20.005637552468897,-20.005637552468897,[1],,,0.0,[]
3.7649358067924674,0,0,[1.],[1.],"[1.0, 0.0, 0.0]","[1, 0.04423098399156194, 0.002642476159345572]","[0.0, 0.04423098399156194, 0.002642476159345572]",0.04423098399156194,1.0,,,,,,,
3.7649358067924674,0,1,[0.04423098 1.        ],[1.],"[1.0, 0.04423098399156194, 0.0]","[1, 0.04423098399156194, 0.002642476159345572]","[0.0, 0.0, 0.002642476159345572]",0.002642476159345572,1.0,,,,,,,
3.7649358067924674,1,0,[1.],[-0.04423098  1.        ],"[1.0, 0.04423098399156194, 0.0019563799448618084]","[1, 0.04423098399156194, 0.002642476159345572]","[0.0, 0.0, 0.0006860962144837634]",0.0006860962144837634,0.25964140189392665,22.60858587705787,-22.60858587705787,[1],,,0.0,[]
4.229242874389499,0,0,[1.],[1.],"[1.0, 0.0, 0.0]","[1, 0.038870426066730086, 0.0020756475804756206]","[0.0, 0.038870426066730086, 0.0020756475804756206]",0.038870426066730086,1.0,,,,,,,
4.229242874389499,0,1,[0.03887043 1.        ],[1.],"[1.0, 0.038870426066730086, 0.0]","[1, 0.038870426066730086, 0.0020756475804756206]","[0.0, 0.0, 0.0020756475804756206]",0.0020756475804756206,1.0,,,,,,,
4.229242874389499,1,0,[1.],[-0.03887043  1.        ],"[1.0, 0.038870426066730086, 0.0015109100226091297]","[1, 0.038870426066730086, 0.0020756475804756206]","[0.0, 0.0, 0.0005647375578664909]",0.0005647375578664909,0.27207776656241667,25.726499583083253,-25.726499583083253,[1],,,0.0,[]
4.750810162102797,0,0,[1.],[1.],"[1.0, 0.0, 0.0]","[1, 0.0339185459803133, 0.0016083163208843606]","[0.0, 0.0339185459803133, 0.0016083163208843606]",0.0339185459803133,1.0,,,,,,,
4.750810162102797,0,1,[0.03391855 1.        ],[1.],"[1.0, 0.0339185459803133, 0.0]","[1, 0.0339185459803133, 0.0016083163208843606]","[0.0, 0.0, 0.0016083163208843606]",0.0016083163208843606,1.0,,,,,,,
4.750810162102797,1,0,[1.],[-0.03391855  1.        ],"[1.0, 0.0339185459803133, 0.0011504677614186272]","[1, 0.0339185459803133, 0.0016083163208843606]","[0.0, 0.0, 0.00045784855946573336]",0.00045784855946573336,0.28467569067133347,29.482395872170084,-29.482395872170084,[1],,,0.0,[]
5.336699231206307,0,0,[1.],[1.],"[1.0, 0.0, 0.0]","[1, 0.0293843400631868, 0.0012287901325388983]","[0.0, 0.0293843400631868, 0.0012287901325388983]",0.0293843400631868,1.0,,,,,,,
5.336699231206307,0,1,[0.02938434 1.        ],[1.],"[1.0, 0.0293843400631868, 0.0]","[1, 0.0293843400631868, 0.0012287901325388983]","[0.0, 0.0, 0.0012287901325388983]",0.0012287901325388983,1.0,,,,,,,
5.336699231206307,1,0,[1.],[-0.02938434  1.        ],"[1.0, 0.0293843400631868, 0.0008634394409490049]","[1, 0.0293843400631868, 0.0012287901325388983]","[0.0, 0.0, 0.0003653506915898934]",0.0003653506915898934,0.29732554153491947,34.03173247551736,-34.03173247551736,[1],,,0.0,[]
5.994842503189409,0,0,[1.],[1.],"[1.0, 0.0, 0.0]","[1, 0.025270838484523744, 0.0009254036855458115]","[0.0, 0.025270838484523744, 0.0009254036855458115]",0.025270838484523744,1.0,,,,,,,
5.994842503189409,0,1,[0.02527084 1.        ],[1.],"[1.0, 0.025270838484523744, 0.0]","[1, 0.025270838484523744, 0.0009254036855458115]","[0.0, 0.0, 0.0009254036855458115]",0.0009254036855458115,1.0,,,,,,,
5.994842503189409,1,0,[1.],[-0.02527084  1.        ],"[1.0, 0.025270838484523744, 0.0006386152777108863]","[1, 0.025270838484523744, 0.0009254036855458115]","[0.0, 0.0, 0.0002867884078349252]",0.0002867884078349252,0.30990627367749757,39.571302733481346,-39.571302733481346,[1],,,0.0,[]
6.734150657750821,0,0,[1.],[1.],"[1.0, 0.0, 0.0]","[1, 0.021574724228142026, 0.000686824923689524]","[0.0, 0.021574724228142026, 0.000686824923689524]",0.021574724228142026,1.0,,,,,,,
6.734150657750821,0,1,[0.02157472 1.        ],[1.],"[1.0, 0.021574724228142026, 0.0]","[1, 0.021574724228142026, 0.000686824923689524]","[0.0, 0.0, 0.000686824923689524]",0.000686824923689524,1.0,,,,,,,
6.734150657750821,1,0,[1.],[-0.02157472  1.        ],"[1.0, 0.021574724228142026, 0.00046546872552037855]","[1, 0.021574724228142026, 0.000686824923689524]","[0.0, 0.0, 0.00022135619816914545]",0.00022135619816914545,0.3222891169703802,46.3505345155514,-46.3505345155514,[1],,,0.0,[]
7.5646332755462895,0,0,[1.],[1.],"[1.0, 0.0, 0.0]","[1, 0.01828628158104983, 0.0005023424263978653]","[0.0, 0.01828628158104983, 0.0005023424263978653]",0.01828628158104983,1.0,,,,,,,
7.5646332755462895,0,1,[0.01828628 1.        ],[1.],"[1.0, 0.01828628158104983, 0.0]","[1, 0.01828628158104983, 0.0005023424263978653]","[0.0, 0.0, 0.0005023424263978653]",0.0005023424263978653,1.0,,,,,,,
7.5646332755462895,1,0,[1.],[-0.01828628  1.        ],"[1.0, 0.01828628158104983, 0.0003343880940614423]","[1, 0.01828628158104983, 0.0005023424263978653]","[0.0, 0.0, 0.00016795433233642297]",0.00016795433233642297,0.3343423201197021,54.68580342962154,-54.68580342962154,[1],,,0.0,[]
8.497534359086439,0,0,[1.],[1.],"[1.0, 0.0, 0.0]","[1, 0.015389702098764719, 0.0003621100343409296]","[0.0, 0.015389702098764719, 0.0003621100343409296]",0.015389702098764719,1.0,,,,,,,
8.497534359086439,0,1,[0.0153897 1.       ],[1.],"[1.0, 0.015389702098764719, 0.0]","[1, 0.015389702098764719, 0.0003621100343409296]","[0.0, 0.0, 0.0003621100343409296]",0.0003621100343409296,1.0,,,,,,,
8.497534359086439,1,0,[1.],[-0.0153897  1.       ],"[1.0, 0.015389702098764719, 0.00023684293068872318]","[1, 0.015389702098764719, 0.0003621100343409296]","[0.0, 0.0, 0.0001252671036522064]",0.0001252671036522064,0.34593657113148757,64.97851573619913,-64.97851573619913,[1],,,0.0,[]
9.545484566618338,0,0,[1.],[1.],"[1.0, 0.0, 0.0]","[1, 0.012863738405426496, 0.0002573300657537263]","[0.0, 0.012863738405426496, 0.0002573300657537263]",0.012863738405426496,1.0,,,,,,,
9.545484566618338,0,1,[0.01286374 1.        ],[1.],"[1.0, 0.012863738405426496, 0.0]","[1, 0.012863738405426496, 0.0002573300657537263]","[0.0, 0.0, 0.0002573300657537263]",0.0002573300657537263,1.0,,,,,,,
9.545484566618338,1,0,[1.],[-0.01286374  1.        ],"[1.0, 0.012863738405426496, 0.00016547576576324461]","[1, 0.012863738405426496, 0.0002573300657537263]","[0.0, 0.0, 9.18542999904817e-05]",9.18542999904817e-05,0.3569512941343955,77.7378992391633,-77.7378992391633,[1],,,0.0,[]
10.722672220103233,0,0,[1.],[1.],"[1.0, 0.0, 0.0]","[1, 0.010682656490469171, 0.00018036317399678026]","[0.0, 0.010682656490469171, 0.00018036317399678026]",0.010682656490469171,1.0,,,,,,,
10.722672220103233,0,1,[0.01068266 1.        ],[1.],"[1.0, 0.010682656490469171, 0.0]","[1, 0.010682656490469171, 0.00018036317399678026]","[0.0, 0.0, 0.00018036317399678026]",0.00018036317399678026,1.0,,,,,,,
10.722672220103233,1,0,[1.],[-0.01068266  1.        ],"[1.0, 0.010682656490469171, 0.0001141191496933631]","[1, 0.010682656490469171, 0.00018036317399678026]","[0.0, 0.0, 6.624402430341716e-05]",6.624402430341716e-05,0.36728131821743004,93.6096747931732,-93.6096747931732,[1],,,0.0,[]
12.045035402587823,0,0,[1.],[1.],"[1.0, 0.0, 0.0]","[1, 0.008817402499896303, 0.0001247614916112029]","[0.0, 0.008817402499896303, 0.0001247614916112029]",0.008817402499896303,1.0,,,,,,,
12.045035402587823,0,1,[0.0088174 1.       ],[1.],"[1.0, 0.008817402499896303, 0.0]","[1, 0.008817402499896303, 0.0001247614916112029]","[0.0, 0.0, 0.0001247614916112029]",0.0001247614916112029,1.0,,,,,,,
12.045035402587823,1,0,[1.],[-0.0088174  1.       ],"[1.0, 0.008817402499896303, 7.774658684517758e-05]","[1, 0.008817402499896303, 0.0001247614916112029]","[0.0, 0.0, 4.701490476602532e-05]",4.701490476602532e-05,0.3768382708387212,113.41208479614721,-113.41208479614721,[1],,,0.0,[]
13.530477745798061,0,0,[1.],[1.],"[1.0, 0.0, 0.0]","[1, 0.007236877093409934, 8.52363770647779e-05]","[0.0, 0.007236877093409934, 8.52363770647779e-05]",0.007236877093409934,1.0,,,,,,,
13.530477745798061,0,1,[0.00723688 1.        ],[1.],"[1.0, 0.007236877093409934, 0.0]","[1, 0.007236877093409934, 8.52363770647779e-05]","[0.0, 0.0, 8.52363770647779e-05]",8.52363770647779e-05,1.0,,,,,,,
13.530477745798061,1,0,[1.],[-0.00723688  1.        ],"[1.0, 0.007236877093409934, 5.237239006512142e-05]","[1, 0.007236877093409934, 8.52363770647779e-05]","[0.0, 0.0, 3.2863986999656484e-05]",3.2863986999656484e-05,0.3855629266678067,138.18115011385544,-138.18115011385544,[1],,,0.0,[]
15.199110829529333,0,0,[1.],[1.],"[1.0, 0.0, 0.0]","[1, 0.005909203717737184, 5.7566348245322144e-05]","[0.0, 0.005909203717737184, 5.7566348245322144e-05]",0.005909203717737184,1.0,,,,,,,
15.199110829529333,0,1,[0.0059092 1.       ],[1.],"[1.0, 0.005909203717737184, 0.0]","[1, 0.005909203717737184, 5.7566348245322144e-05]","[0.0, 0.0, 5.7566348245322144e-05]",5.7566348245322144e-05,1.0,,,,,,,
15.199110829529333,1,0,[1.],[-0.0059092  1.       ],"[1.0, 0.005909203717737184, 3.491868857771896e-05]","[1, 0.005909203717737184, 5.7566348245322144e-05]","[0.0, 0.0, 2.2647659667603184e-05]",2.2647659667603184e-05,0.3934183834466787,169.22753855961676,-169.22753855961676,[1],,,0.0,[]
17.073526474706906,0,0,[1.],[1.],"[1.0, 0.0, 0.0]","[1, 0.004802887471731455, 3.84717356789091e-05]","[0.0, 0.004802887471731455, 3.84717356789091e-05]",0.004802887471731455,1.0,,,,,,,
17.073526474706906,0,1,[0.00480289 1.        ],[1.],"[1.0, 0.004802887471731455, 0.0]","[1, 0.004802887471731455, 3.84717356789091e-05]","[0.0, 0.0, 3.84717356789091e-05]",3.84717356789091e-05,1.0,,,,,,,
17.073526474706906,1,0,[1.],[-0.00480289  1.        ],"[1.0, 0.004802887471731455, 2.3067728066114966e-05]","[1, 0.004802887471731455, 3.84717356789091e-05]","[0.0, 0.0, 1.5404007612794134e-05]",1.5404007612794134e-05,0.40039804134022705,208.208084383767,-208.208084383767,[1],,,0.0,[]
19.179102616724887,0,0,[1.],[1.],"[1.0, 0.0, 0.0]","[1, 0.003887785592258419, 2.546807245111086e-05]","[0.0, 0.003887785592258419, 2.546807245111086e-05]",0.003887785592258419,1.0,,,,,,,
19.179102616724887,0,1,[0.00388779 1.        ],[1.],"[1.0, 0.003887785592258419, 0.0]","[1, 0.003887785592258419, 2.546807245111086e-05]","[0.0, 0.0, 2.546807245111086e-05]",2.546807245111086e-05,1.0,,,,,,,
19.179102616724887,1,0,[1.],[-0.00388779  1.        ],"[1.0, 0.003887785592258419, 1.5114876811372145e-05]","[1, 0.003887785592258419, 2.546807245111086e-05]","[0.0, 0.0, 1.0353195639738715e-05]",1.0353195639738715e-05,0.40651665569166906,257.21583052091586,-257.21583052091586,[1],,,0.0,[]
21.544346900318846,0,0,[1.],[1.],"[1.0, 0.0, 0.0]","[1, 0.0031358430521384304, 1.6718394298536745e-05]","[0.0, 0.0031358430521384304, 1.6718394298536745e-05]",0.0031358430521384304,1.0,,,,,,,
21.544346900318846,0,1,[0.00313584 1.        ],[1.],"[1.0, 0.0031358430521384304, 0.0]","[1, 0.0031358430521384304, 1.6718394298536745e-05]","[0.0, 0.0, 1.6718394298536745e-05]",1.6718394298536745e-05,1.0,,,,,,,
21.544346900318846,1,0,[1.],[-0.00313584  1.        ],"[1.0, 0.0031358430521384304, 9.833511647644868e-06]","[1, 0.0031358430521384304, 1.6718394298536745e-05]","[0.0, 0.0, 6.884882650891877e-06]",6.884882650891877e-06,0.4118148267082364,318.89351073168933,-318.89351073168933,[1],,,0.0,[]
24.201282647943806,0,0,[1.],[1.],"[1.0, 0.0, 0.0]","[1, 0.002521580347768799, 1.0894120640719958e-05]","[0.0, 0.002521580347768799, 1.0894120640719958e-05]",0.002521580347768799,1.0,,,,,,,
24.201282647943806,0,1,[0.00252158 1.        ],[1.],"[1.0, 0.002521580347768799, 0.0]","[1, 0.002521580347768799, 1.0894120640719958e-05]","[0.0, 0.0, 1.0894120640719958e-05]",1.0894120640719958e-05,1.0,,,,,,,
24.201282647943806,1,0,[1.],[-0.00252158  1.        ],"[1.0, 0.002521580347768799, 6.358367450253816e-06]","[1, 0.002521580347768799, 1.0894120640719958e-05]","[0.0, 0.0, 4.535753190466141e-06]",4.535753190466141e-06,0.4163487205669854,396.57669480365456,-396.57669480365456,[1],,,0.0,[]
27.185882427329396,0,0,[1.],[1.],"[1.0, 0.0, 0.0]","[1, 0.002022349180568949, 7.0530166671967756e-06]","[0.0, 0.002022349180568949, 7.0530166671967756e-06]",0.002022349180568949,1.0,,,,,,,
27.185882427329396,0,1,[0.00202235 1.        ],[1.],"[1.0, 0.002022349180568949, 0.0]","[1, 0.002022349180568949, 7.0530166671967756e-06]","[0.0, 0.0, 7.0530166671967756e-06]",7.0530166671967756e-06,1.0,,,,,,,
27.185882427329396,1,0,[1.],[-0.00202235  1.        ],"[1.0, 0.002022349180568949, 4.089896208147899e-06]","[1, 0.002022349180568949, 7.0530166671967756e-06]","[0.0, 0.0, 2.9631204590488766e-06]",2.9631204590488766e-06,0.42012100621145565,494.47445060831154,-494.47445060831154,[1],,,0.0,[]
30.53855508833416,0,0,[1.],[1.],"[1.0, 0.0, 0.0]","[1, 0.0016183916147389586, 4.542507041175584e-06]","[0.0, 0.0016183916147389586, 4.542507041175584e-06]",0.0016183916147389586,1.0,,,,,,,
30.53855508833416,0,1,[0.00161839 1.        ],[1.],"[1.0, 0.0016183916147389586, 0.0]","[1, 0.0016183916147389586, 4.542507041175584e-06]","[0.0, 0.0, 4.542507041175584e-06]",4.542507041175584e-06,1.0,,,,,,,
30.53855508833416,1,0,[1.],[-0.00161839  1.        ],"[1.0, 0.0016183916147389586, 2.6191914186573736e-06]","[1, 0.0016183916147389586, 4.542507041175584e-06]","[0.0, 0.0, 1.92331562251821e-06]",1.92331562251821e-06,0.4234039936722835,617.8974179628932,-617.8974179628932,[1],,,0.0,[]
34.30469286314919,0,0,[1.],[1.],"[1.0, 0.0, 0.0]","[1, 0.0012927483525638894, 2.9118548859208753e-06]","[0.0, 0.0012927483525638894, 2.9118548859208753e-06]",0.0012927483525638894,1.0,,,,,,,
34.30469286314919,0,1,[0.00129275 1.        ],[1.],"[1.0, 0.0012927483525638894, 0.0]","[1, 0.0012927483525638894, 2.9118548859208753e-06]","[0.0, 0.0, 2.9118548859208753e-06]",2.9118548859208753e-06,1.0,,,,,,,
34.30469286314919,1,0,[1.],[-0.00129275  1.        ],"[1.0, 0.0012927483525638894, 1.67119830305665e-06]","[1, 0.0012927483525638894, 2.9118548859208753e-06]","[0.0, 0.0, 1.2406565828642253e-06]",1.2406565828642253e-06,0.42607088315524594,773.5457546835888,-773.5457546835888,[1],,,0.0,[]
38.53528593710527,0,0,[1.],[1.],"[1.0, 0.0, 0.0]","[1, 0.0010310632031931071, 1.8594320389412636e-06]","[0.0, 0.0010310632031931071, 1.8594320389412636e-06]",0.0010310632031931071,1.0,,,,,,,
38.53528593710527,0,1,[0.00103106 1.        ],[1.],"[1.0, 0.0010310632031931071, 0.0]","[1, 0.0010310632031931071, 1.8594320389412636e-06]","[0.0, 0.0, 1.8594320389412636e-06]",1.8594320389412636e-06,1.0,,,,,,,
38.53528593710527,1,0,[1.],[-0.00103106  1.        ],"[1.0, 0.0010310632031931071, 1.0630913289788306e-06]","[1, 0.0010310632031931071, 1.8594320389412636e-06]","[0.0, 0.0, 7.96340709962433e-07]",7.96340709962433e-07,0.4282709414945109,969.872648837717,-969.872648837717,[1],,,0.0,[]
43.28761281083057,0,0,[1.],[1.],"[1.0, 0.0, 0.0]","[1, 0.0008213261086688495, 1.1836105961294979e-06]","[0.0, 0.0008213261086688495, 1.1836105961294979e-06]",0.0008213261086688495,1.0,,,,,,,
43.28761281083057,0,1,[8.21326109e-04 1.00000000e+00],[1.],"[1.0, 0.0008213261086688495, 0.0]","[1, 0.0008213261086688495, 1.1836105961294979e-06]","[0.0, 0.0, 1.1836105961294979e-06]",1.1836105961294979e-06,1.0,,,,,,,
43.28761281083057,1,0,[1.],[-8.21326109e-04  1.00000000e+00],"[1.0, 0.0008213261086688495, 6.745765767811147e-07]","[1, 0.0008213261086688495, 1.1836105961294979e-06]","[0.0, 0.0, 5.090340193483831e-07]",5.090340193483831e-07,0.43006882585621103,1217.543177363171,-1217.543177363171,[1],,,0.0,[]
48.62601580065353,0,0,[1.],[1.],"[1.0, 0.0, 0.0]","[1, 0.0006535890254513696, 7.492524053214136e-07]","[0.0, 0.0006535890254513696, 7.492524053214136e-07]",0.0006535890254513696,1.0,,,,,,,
48.62601580065353,0,1,[6.53589025e-04 1.00000000e+00],[1.],"[1.0, 0.0006535890254513696, 0.0]","[1, 0.0006535890254513696, 7.492524053214136e-07]","[0.0, 0.0, 7.492524053214136e-07]",7.492524053214136e-07,1.0,,,,,,,
48.62601580065353,1,0,[1.],[-6.53589025e-04  1.00000000e+00],"[1.0, 0.0006535890254513696, 4.271786141904711e-07]","[1, 0.0006535890254513696, 7.492524053214136e-07]","[0.0, 0.0, 3.2207379113094257e-07]",3.2207379113094257e-07,0.42986020310843,1530.0134504391324,-1530.0134504391324,[1],,,0.0,[]
54.622772176843434,0,0,[1.],[1.],"[1.0, 0.0, 0.0]","[1, 0.0005196798834167051, 4.746169023710126e-07]","[0.0, 0.0005196798834167051, 4.746169023710126e-07]",0.0005196798834167051,1.0,,,,,,,
54.622772176843434,0,1,[5.19679883e-04 1.00000000e+00],[1.],"[1.0, 0.0005196798834167051, 0.0]","[1, 0.0005196798834167051, 4.746169023710126e-07]","[0.0, 0.0, 4.746169023710126e-07]",4.746169023710126e-07,1.0,,,,,,,
54.622772176843434,1,0,[1.],[-5.19679883e-04  1.00000000e+00],"[1.0, 0.0005196798834167051, 2.700671812280002e-07]","[1, 0.0005196798834167051, 4.746169023710126e-07]","[0.0, 0.0, 2.0454972114301236e-07]",2.0454972114301236e-07,0.4309785852993366,1924.2615154263156,-1924.2615154263156,[1],,,0.0,[]
61.359072734131686,0,0,[1.],[1.],"[1.0, 0.0, 0.0]","[1, 0.0004129314076834713, 3.015464615313988e-07]","[0.0, 0.0004129314076834713, 3.015464615313988e-07]",0.0004129314076834713,1.0,,,,,,,
61.359072734131686,0,1,[4.12931408e-04 1.00000000e+00],[1.],"[1.0, 0.0004129314076834713, 0.0]","[1, 0.0004129314076834713, 3.015464615313988e-07]","[0.0, 0.0, 3.015464615313988e-07]",3.015464615313988e-07,1.0,,,,,,,
61.359072734131686,1,0,[1.],[-4.12931408e-04  1.00000000e+00],"[1.0, 0.0004129314076834713, 1.7051234745145318e-07]","[1, 0.0004129314076834713, 3.015464615313988e-07]","[0.0, 0.0, 1.3103411407994561e-07]",1.3103411407994561e-07,0.43454038032643794,2421.7097110872724,-2421.7097110872724,[1],,,0.0,[]
68.92612104349695,0,0,[1.],[1.],"[1.0, 0.0, 0.0]","[1, 0.000327934589980258, 1.9201120832461984e-07]","[0.0, 0.000327934589980258, 1.9201120832461984e-07]",0.000327934589980258,1.0,,,,,,,
68.92612104349695,0,1,[3.2793459e-04 1.0000000e+00],[1.],"[1.0, 0.000327934589980258, 0.0]","[1, 0.000327934589980258, 1.9201120832461984e-07]","[0.0, 0.0, 1.9201120832461984e-07]",1.9201120832461984e-07,1.0,,,,,,,
68.92612104349695,1,0,[1.],[-3.2793459e-04  1.0000000e+00],"[1.0, 0.000327934589980258, 1.0754109530551994e-07]","[1, 0.000327934589980258, 1.9201120832461984e-07]","[0.0, 0.0, 8.44701130190999e-08]",8.44701130190999e-08,0.439922824069167,3049.388599294149,-3049.388599294149,[1],,,0.0,[]
77.42636826811271,0,0,[1.],[1.],"[1.0, 0.0, 0.0]","[1, 0.00026032137322346693, 1.2178796994925428e-07]","[0.0, 0.00026032137322346693, 1.2178796994925428e-07]",0.00026032137322346693,1.0,,,,,,,
77.42636826811271,0,1,[2.60321373e-04 1.00000000e+00],[1.],"[1.0, 0.00026032137322346693, 0.0]","[1, 0.00026032137322346693, 1.2178796994925428e-07]","[0.0, 0.0, 1.2178796994925428e-07]",1.2178796994925428e-07,1.0,,,,,,,
77.42636826811271,1,0,[1.],[-2.60321373e-04  1.00000000e+00],"[1.0, 0.00026032137322346693, 6.776721735695156e-08]","[1, 0.00026032137322346693, 1.2178796994925428e-07]","[0.0, 0.0, 5.402075259230272e-08]",5.402075259230272e-08,0.4435639465442415,3841.4056733696348,-3841.4056733696348,[1],,,0.0,[]
86.97490026177833,0,0,[1.],[1.],"[1.0, 0.0, 0.0]","[1, 0.0002065774806551696, 7.673221715967146e-08]","[0.0, 0.0002065774806551696, 7.673221715967146e-08]",0.0002065774806551696,1.0,,,,,,,
86.97490026177833,0,1,[2.06577481e-04 1.00000000e+00],[1.],"[1.0, 0.0002065774806551696, 0.0]","[1, 0.0002065774806551696, 7.673221715967146e-08]","[0.0, 0.0, 7.673221715967146e-08]",7.673221715967146e-08,1.0,,,,,,,
86.97490026177833,1,0,[1.],[-2.06577481e-04  1.00000000e+00],"[1.0, 0.0002065774806551696, 4.2674255513836974e-08]","[1, 0.0002065774806551696, 7.673221715967146e-08]","[0.0, 0.0, 3.405796164583449e-08]",3.405796164583449e-08,0.44385478364275005,4840.798700944826,-4840.798700944826,[1],,,0.0,[]
97.70099572992248,0,0,[1.],[1.],"[1.0, 0.0, 0.0]","[1, 0.00016388407085485848, 4.779498093319246e-08]","[0.0, 0.00016388407085485848, 4.779498093319246e-08]",0.00016388407085485848,1.0,,,,,,,
97.70099572992248,0,1,[1.63884071e-04 1.00000000e+00],[1.],"[1.0, 0.00016388407085485848, 0.0]","[1, 0.00016388407085485848, 4.779498093319246e-08]","[0.0, 0.0, 4.779498093319246e-08]",4.779498093319246e-08,1.0,,,,,,,
97.70099572992248,1,0,[1.],[-1.63884071e-04  1.00000000e+00],"[1.0, 0.00016388407085485848, 2.6857988679960275e-08]","[1, 0.00016388407085485848, 4.779498093319246e-08]","[0.0, 0.0, 2.0936992253232188e-08]",2.0936992253232188e-08,0.43805838697786675,6101.874299215055,-6101.874299215055,[1],,,0.0,[]
109.74987654930568,0,0,[1.],[1.],"[1.0, 0.0, 0.0]","[1, 0.0001299856157449, 2.9112462163851034e-08]","[0.0, 0.0001299856157449, 2.9112462163851034e-08]",0.0001299856157449,1.0,,,,,,,
109.74987654930568,0,1,[1.29985616e-04 1.00000000e+00],[1.],"[1.0, 0.0001299856157449, 0.0]","[1, 0.0001299856157449, 2.9112462163851034e-08]","[0.0, 0.0, 2.9112462163851034e-08]",2.9112462163851034e-08,1.0,,,,,,,
109.74987654930568,1,0,[1.],[-1.29985616e-04  1.00000000e+00],"[1.0, 0.0001299856157449, 1.6896260300580793e-08]","[1, 0.0001299856157449, 2.9112462163851034e-08]","[0.0, 0.0, 1.2216201863270241e-08]",1.2216201863270241e-08,0.4196210473203846,7693.15892585011,-7693.15892585011,[1],,,0.0,[]
123.2846739442066,0,0,[1.],[1.],"[1.0, 0.0, 0.0]","[1, 0.00010308085361745548, 1.708147050790394e-08]","[0.0, 0.00010308085361745548, 1.708147050790394e-08]",0.00010308085361745548,1.0,,,,,,,
123.2846739442066,0,1,[1.03080854e-04 1.00000000e+00],[1.],"[1.0, 0.00010308085361745548, 0.0]","[1, 0.00010308085361745548, 1.708147050790394e-08]","[0.0, 0.0, 1.708147050790394e-08]",1.708147050790394e-08,1.0,,,,,,,
123.2846739442066,1,0,[1.],[-1.03080854e-04  1.00000000e+00],"[1.0, 0.00010308085361745548, 1.0625662382503286e-08]","[1, 0.00010308085361745548, 1.708147050790394e-08]","[0.0, 0.0, 6.455808125400655e-09]",6.455808125400655e-09,0.37794217555294335,9701.122613042295,-9701.122613042295,[1],,,0.0,[]
138.48863713938718,0,0,[1.],[1.],"[1.0, 0.0, 0.0]","[1, 8.173355284296326e-05, 1.026278395727435e-08]","[0.0, 8.173355284296326e-05, 1.026278395727435e-08]",8.173355284296326e-05,1.0,,,,,,,
138.48863713938718,0,1,[8.17335528e-05 1.00000000e+00],[1.],"[1.0, 8.173355284296326e-05, 0.0]","[1, 8.173355284296326e-05, 1.026278395727435e-08]","[0.0, 0.0, 1.026278395727435e-08]",1.026278395727435e-08,1.0,,,,,,,
138.48863713938718,1,0,[1.],[-8.17335528e-05  1.00000000e+00],"[1.0, 8.173355284296326e-05, 6.680373660333468e-09]","[1, 8.173355284296326e-05, 1.026278395727435e-08]","[0.0, 0.0, 3.582410296940883e-09]",3.582410296940883e-09,0.34906808053789723,12234.877418351374,-12234.877418351374,[1],,,0.0,[]
155.56761439304722,0,0,[1.],[1.],"[1.0, 0.0, 0.0]","[1, 6.479996460541012e-05, 6.390273001352272e-09]","[0.0, 6.479996460541012e-05, 6.390273001352272e-09]",6.479996460541012e-05,1.0,,,,,,,
155.56761439304722,0,1,[6.47999646e-05 1.00000000e+00],[1.],"[1.0, 6.479996460541012e-05, 0.0]","[1, 6.479996460541012e-05, 6.390273001352272e-09]","[0.0, 0.0, 6.390273001352272e-09]",6.390273001352272e-09,1.0,,,,,,,
155.56761439304722,1,0,[1.],[-6.47999646e-05  1.00000000e+00],"[1.0, 6.479996460541012e-05, 4.1990354128624035e-09]","[1, 6.479996460541012e-05, 6.390273001352272e-09]","[0.0, 0.0, 2.1912375884898687e-09]",2.1912375884898687e-09,0.34290203063721564,15432.107194646685,-15432.107194646685,[1],,,0.0,[]
174.75284000076832,0,0,[1.],[1.],"[1.0, 0.0, 0.0]","[1, 5.137017523209323e-05, 4.152367449084583e-09]","[0.0, 5.137017523209323e-05, 4.152367449084583e-09]",5.137017523209323e-05,1.0,,,,,,,
174.75284000076832,0,1,[5.13701752e-05 1.00000000e+00],[1.],"[1.0, 5.137017523209323e-05, 0.0]","[1, 5.137017523209323e-05, 4.152367449084583e-09]","[0.0, 0.0, 4.152367449084583e-09]",4.152367449084583e-09,1.0,,,,,,,
174.75284000076832,1,0,[1.],[-5.13701752e-05  1.00000000e+00],"[1.0, 5.137017523209323e-05, 2.638894903375965e-09]","[1, 5.137017523209323e-05, 4.152367449084583e-09]","[0.0, 0.0, 1.5134725457086177e-09]",1.5134725457086177e-09,0.364484252481623,19466.548351878224,-19466.548351878224,[1],,,0.0,[]
196.30406500402725,0,0,[1.],[1.],"[1.0, 0.0, 0.0]","[1, 4.0720870786695216e-05, 2.888541962703977e-09]","[0.0, 4.0720870786695216e-05, 2.888541962703977e-09]",4.0720870786695216e-05,1.0,,,,,,,
196.30406500402725,0,1,[4.07208708e-05 1.00000000e+00],[1.],"[1.0, 4.0720870786695216e-05, 0.0]","[1, 4.0720870786695216e-05, 2.888541962703977e-09]","[0.0, 0.0, 2.888541962703977e-09]",2.888541962703977e-09,1.0,,,,,,,
196.30406500402725,1,0,[1.],[-4.07208708e-05  1.00000000e+00],"[1.0, 4.0720870786695216e-05, 1.6581893176267277e-09]","[1, 4.0720870786695216e-05, 2.888541962703977e-09]","[0.0, 0.0, 1.2303526450772493e-09]",1.2303526450772493e-09,0.425942451577027,24557.431623656026,-24557.431623656026,[1],,,0.0,[]
220.51307399030452,0,0,[1.],[1.],"[1.0, 0.0, 0.0]","[1, 3.227743673415105e-05, 2.068822391413008e-09]","[0.0, 3.227743673415105e-05, 2.068822391413008e-09]",3.227743673415105e-05,1.0,,,,,,,
220.51307399030452,0,1,[3.22774367e-05 1.00000000e+00],[1.],"[1.0, 3.227743673415105e-05, 0.0]","[1, 3.227743673415105e-05, 2.068822391413008e-09]","[0.0, 0.0, 2.068822391413008e-09]",2.068822391413008e-09,1.0,,,,,,,
220.51307399030452,1,0,[1.],[-3.22774367e-05  1.00000000e+00],"[1.0, 3.227743673415105e-05, 1.0418329221271236e-09]","[1, 3.227743673415105e-05, 2.068822391413008e-09]","[0.0, 0.0, 1.0269894692858845e-09]",1.0269894692858845e-09,0.49641258406162625,30981.394471821637,-30981.394471821637,[1],,,0.0,[]
247.70763559917089,0,0,[1.],[1.],"[1.0, 0.0, 0.0]","[1, 2.558361814829965e-05, 1.4852905483307503e-09]","[0.0, 2.558361814829965e-05, 1.4852905483307503e-09]",2.558361814829965e-05,1.0,,,,,,,
247.70763559917089,0,1,[2.55836181e-05 1.00000000e+00],[1.],"[1.0, 2.558361814829965e-05, 0.0]","[1, 2.558361814829965e-05, 1.4852905483307503e-09]","[0.0, 0.0, 1.4852905483307503e-09]",1.4852905483307503e-09,1.0,,,,,,,
247.70763559917089,1,0,[1.],[-2.55836181e-05  1.00000000e+00],"[1.0, 2.558361814829965e-05, 6.545215175580072e-10]","[1, 2.558361814829965e-05, 1.4852905483307503e-09]","[0.0, 0.0, 8.307690307727431e-10]",8.307690307727431e-10,0.5593309886112223,39087.512728001784,-39087.512728001784,[1],,,0.0,[]
278.2559402207126,0,0,[1.],[1.],"[1.0, 0.0, 0.0]","[1, 2.027728224143055e-05, 1.0526024710203202e-09]","[0.0, 2.027728224143055e-05, 1.0526024710203202e-09]",2.027728224143055e-05,1.0,,,,,,,
278.2559402207126,0,1,[2.02772822e-05 1.00000000e+00],[1.],"[1.0, 2.027728224143055e-05, 0.0]","[1, 2.027728224143055e-05, 1.0526024710203202e-09]","[0.0, 0.0, 1.0526024710203202e-09]",1.0526024710203202e-09,1.0,,,,,,,
278.2559402207126,1,0,[1.],[-2.02772822e-05  1.00000000e+00],"[1.0, 2.027728224143055e-05, 4.1116817509863475e-10]","[1, 2.027728224143055e-05, 1.0526024710203202e-09]","[0.0, 0.0, 6.414342959216854e-10]",6.414342959216854e-10,0.6093794320090502,49316.27365509563,-49316.27365509563,[1],,,0.0,[]
312.5715849688235,0,0,[1.],[1.],"[1.0, 0.0, 0.0]","[1, 1.6071097981920387e-05, 7.266755590684097e-10]","[0.0, 1.6071097981920387e-05, 7.266755590684097e-10]",1.6071097981920387e-05,1.0,,,,,,,
312.5715849688235,0,1,[1.6071098e-05 1.0000000e+00],[1.],"[1.0, 1.6071097981920387e-05, 0.0]","[1, 1.6071097981920387e-05, 7.266755590684097e-10]","[0.0, 0.0, 7.266755590684097e-10]",7.266755590684097e-10,1.0,,,,,,,
312.5715849688235,1,0,[1.],[-1.6071098e-05  1.0000000e+00],"[1.0, 1.6071097981920387e-05, 2.5828019034448555e-10]","[1, 1.6071097981920387e-05, 7.266755590684097e-10]","[0.0, 0.0, 4.683953687239242e-10]",4.683953687239242e-10,0.6445728948478768,62223.502160523,-62223.502160523,[1],,,0.0,[]
351.1191734215128,0,0,[1.],[1.],"[1.0, 0.0, 0.0]","[1, 1.2737135558895532e-05, 4.824259859222322e-10]","[0.0, 1.2737135558895532e-05, 4.824259859222322e-10]",1.2737135558895532e-05,1.0,,,,,,,
351.1191734215128,0,1,[1.27371356e-05 1.00000000e+00],[1.],"[1.0, 1.2737135558895532e-05, 0.0]","[1, 1.2737135558895532e-05, 4.824259859222322e-10]","[0.0, 0.0, 4.824259859222322e-10]",4.824259859222322e-10,1.0,,,,,,,
351.1191734215128,1,0,[1.],[-1.27371356e-05  1.00000000e+00],"[1.0, 1.2737135558895532e-05, 1.6223462224568098e-10]","[1, 1.2737135558895532e-05, 4.824259859222322e-10]","[0.0, 0.0, 3.2019136367655123e-10]",3.2019136367655123e-10,0.6637108551780346,78510.58783005623,-78510.58783005623,[1],,,0.0,[]
394.4206059437656,0,0,[1.],[1.],"[1.0, 0.0, 0.0]","[1, 1.0094633238806032e-05, 3.0951034237021187e-10]","[0.0, 1.0094633238806032e-05, 3.0951034237021187e-10]",1.0094633238806032e-05,1.0,,,,,,,
394.4206059437656,0,1,[1.00946332e-05 1.00000000e+00],[1.],"[1.0, 1.0094633238806032e-05, 0.0]","[1, 1.0094633238806032e-05, 3.0951034237021187e-10]","[0.0, 0.0, 3.0951034237021187e-10]",3.0951034237021187e-10,1.0,,,,,,,
394.4206059437656,1,0,[1.],[-1.00946332e-05  1.00000000e+00],"[1.0, 1.0094633238806032e-05, 1.0190162022600756e-10]","[1, 1.0094633238806032e-05, 3.0951034237021187e-10]","[0.0, 0.0, 2.076087221442043e-10]",2.076087221442043e-10,0.6707650560377046,99062.5391079862,-99062.5391079862,[1],,,0.0,[]
443.06214575838777,0,0,[1.],[1.],"[1.0, 0.0, 0.0]","[1, 8.000245501167479e-06, 1.816770796212892e-10]","[0.0, 8.000245501167479e-06, 1.816770796212892e-10]",8.000245501167479e-06,1.0,,,,,,,
443.06214575838777,0,1,[8.0002455e-06 1.0000000e+00],[1.],"[1.0, 8.000245501167479e-06, 0.0]","[1, 8.000245501167479e-06, 1.816770796212892e-10]","[0.0, 0.0, 1.816770796212892e-10]",1.816770796212892e-10,1.0,,,,,,,
443.06214575838777,1,0,[1.],[-8.0002455e-06  1.0000000e+00],"[1.0, 8.000245501167479e-06, 6.400392807895048e-11]","[1, 8.000245501167479e-06, 1.816770796212892e-10]","[0.0, 0.0, 1.1767315154233873e-10]",1.1767315154233873e-10,0.6477049927686619,124996.16416197098,-124996.16416197098,[1],,,0.0,[]
497.7023564332114,0,0,[1.],[1.],"[1.0, 0.0, 0.0]","[1, 6.3403216950941415e-06, 1.0914996391952979e-10]","[0.0, 6.3403216950941415e-06, 1.0914996391952979e-10]",6.3403216950941415e-06,1.0,,,,,,,
497.7023564332114,0,1,[6.3403217e-06 1.0000000e+00],[1.],"[1.0, 6.3403216950941415e-06, 0.0]","[1, 6.3403216950941415e-06, 1.0914996391952979e-10]","[0.0, 0.0, 1.0914996391952979e-10]",1.0914996391952979e-10,1.0,,,,,,,
497.7023564332114,1,0,[1.],[-6.3403217e-06  1.0000000e+00],"[1.0, 6.3403216950941415e-06, 4.019967919728145e-11]","[1, 6.3403216950941415e-06, 1.0914996391952979e-10]","[0.0, 0.0, 6.895028472224835e-11]",6.895028472224835e-11,0.631702313461886,157720.70378917136,-157720.70378917136,[1],,,0.0,[]
559.0810182512223,0,0,[1.],[1.],"[1.0, 0.0, 0.0]","[1, 5.024761070308047e-06, 6.951960224640373e-11]","[0.0, 5.024761070308047e-06, 6.951960224640373e-11]",5.024761070308047e-06,1.0,,,,,,,
559.0810182512223,0,1,[5.02476107e-06 1.00000000e+00],[1.],"[1.0, 5.024761070308047e-06, 0.0]","[1, 5.024761070308047e-06, 6.951960224640373e-11]","[0.0, 0.0, 6.951960224640373e-11]",6.951960224640373e-11,1.0,,,,,,,
559.0810182512223,1,0,[1.],[-5.02476107e-06  1.00000000e+00],"[1.0, 5.024761070308047e-06, 2.5248223813683266e-11]","[1, 5.024761070308047e-06, 6.951960224640373e-11]","[0.0, 0.0, 4.427137843272046e-11]",4.427137843272046e-11,0.6368186382281932,199014.43790215766,-199014.43790215766,[1],,,0.0,[]
628.0291441834247,0,0,[1.],[1.],"[1.0, 0.0, 0.0]","[1, 3.982138357523168e-06, 3.108924575437974e-11]","[0.0, 3.982138357523168e-06, 3.108924575437974e-11]",3.982138357523168e-06,1.0,,,,,,,
628.0291441834247,0,1,[3.98213836e-06 1.00000000e+00],[1.],"[1.0, 3.982138357523168e-06, 0.0]","[1, 3.982138357523168e-06, 3.108924575437974e-11]","[0.0, 0.0, 3.108924575437974e-11]",3.108924575437974e-11,1.0,,,,,,,
628.0291441834247,1,0,[1.],[-3.98213836e-06  1.00000000e+00],"[1.0, 3.982138357523168e-06, 1.5857425898457312e-11]","[1, 3.982138357523168e-06, 3.108924575437974e-11]","[0.0, 0.0, 1.5231819855922427e-11]",1.5231819855922427e-11,0.4899385458322553,251121.35998759858,-251121.35998759858,[1],,,0.0,[]
705.4802310718645,0,0,[1.],[1.],"[1.0, 0.0, 0.0]","[1, 3.1558438377284958e-06, 1.1971434886090641e-11]","[0.0, 3.1558438377284958e-06, 1.1971434886090641e-11]",3.1558438377284958e-06,1.0,,,,,,,
705.4802310718645,0,1,[3.15584384e-06 1.00000000e+00],[1.],"[1.0, 3.1558438377284958e-06, 0.0]","[1, 3.1558438377284958e-06, 1.1971434886090641e-11]","[0.0, 0.0, 1.1971434886090641e-11]",1.1971434886090641e-11,1.0,,,,,,,
705.4802310718645,1,0,[1.],[-3.15584384e-06  1.00000000e+00],"[1.0, 3.1558438377284958e-06, 9.95935032812892e-12]","[1, 3.1558438377284958e-06, 1.1971434886090641e-11]","[0.0, 0.0, 2.012084557961721e-12]",2.012084557961721e-12,0.16807380043469308,316872.45992494264,-316872.45992494264,[1],,,0.0,[]
792.4828983539169,0,0,[1.],[1.],"[1.0, 0.0, 0.0]","[1, 2.500986956327995e-06, 3.734279115284114e-12]","[0.0, 2.500986956327995e-06, 3.734279115284114e-12]",2.500986956327995e-06,1.0,,,,,,,
792.4828983539169,0,1,[2.50098696e-06 1.00000000e+00],[1.],"[1.0, 2.500986956327995e-06, 0.0]","[1, 2.500986956327995e-06, 3.734279115284114e-12]","[0.0, 0.0, 3.734279115284114e-12]",3.734279115284114e-12,1.0,,,,,,,
792.4828983539169,1,0,[1.],[-2.50098696e-06  1.00000000e+00],"[1.0, 2.500986956327995e-06, 6.254935755722768e-12]","[1, 2.500986956327995e-06, 3.734279115284114e-12]","[0.0, 0.0, -2.520656640438654e-12]",-2.520656640438654e-12,0.6750048838400435,399842.14930421807,-399842.14930421807,[1],,,0.0,[]
890.2150854450392,0,0,[1.],[1.],"[1.0, 0.0, 0.0]","[1, 1.9820089531742847e-06, 6.380223453820893e-13]","[0.0, 1.9820089531742847e-06, 6.380223453820893e-13]",1.9820089531742847e-06,1.0,,,,,,,
890.2150854450392,0,1,[1.98200895e-06 1.00000000e+00],[1.],"[1.0, 1.9820089531742847e-06, 0.0]","[1, 1.9820089531742847e-06, 6.380223453820893e-13]","[0.0, 0.0, 6.380223453820893e-13]",6.380223453820893e-13,1.0,,,,,,,
890.2150854450392,1,0,[1.],[-1.98200895e-06  1.00000000e+00],"[1.0, 1.9820089531742847e-06, 3.928359490463024e-12]","[1, 1.9820089531742847e-06, 6.380223453820893e-13]","[0.0, 0.0, -3.2903371450809345e-12]",-3.2903371450809345e-12,5.157087630074251,504538.5886872261,-504538.5886872261,[1],,,0.0,[]
1000.0,0,0,[1.],[1.],"[1.0, 0.0, 0.0]","[1, 1.5706944634538229e-06, 1.5327521056226011e-13]","[0.0, 1.5706944634538229e-06, 1.5327521056226011e-13]",1.5706944634538229e-06,1.0,,,,,,,
1000.0,0,1,[1.57069446e-06 1.00000000e+00],[1.],"[1.0, 1.5706944634538229e-06, 0.0]","[1, 1.5706944634538229e-06, 1.5327521056226011e-13]","[0.0, 0.0, 1.5327521056226011e-13]",1.5327521056226011e-13,1.0,,,,,,,
1000.0,1,0,[1.],[-1.57069446e-06  1.00000000e+00],"[1.0, 1.5706944634538229e-06, 2.4670810975244926e-12]","[1, 1.5706944634538229e-06, 1.5327521056226011e-13]","[0.0, 0.0, -2.3138058869622327e-12]",-2.3138058869622327e-12,15.09576061565656,636661.058702076,-636661.058702076,[1],,,0.0,[]
