sigma,m,n,p,q,tc,pole,residue,multiplicity_pole,pole_2,res_2,remainder,k
0.01,0,0,[1.],[1.],"[1.0, 0.0, 0.0]",,,,,,,
0.01,0,1,[0.48975616 1.        ],[1.],"[1.0, 0.489756159319821, 0.0]",,,,,,,
0.01,0,2,[0.25190076 0.48975616 1.        ],[1.],"[1.0, 0.489756159319821, 0.2519007567027097]",,,,,,,
0.01,1,0,[1.],[-0.48975616  1.        ],"[1.0, 0.489756159319821, 0.2398610955917019]",2.0418324118451343,-2.0418324118451343,[1],,,0.0,[0.]
0.01,1,1,[-0.02458297  1.        ],[-0.51433913  1.        ],"[1.0, 0.489756159319821, 0.2519007567027097]",1.9442425093538938,-1.8513169412188915,[1],,,0.047795255832505754,[0.04779526]
0.01,2,0,[1.],[-0.01203966 -0.48975616  1.        ],"[1.0, 0.489756159319821, 0.2519007567027097]",1.9484994729004177,-1.8633261244893675,[1],-42.62706631993892,1.8633261244893675,0.04180151370706088,[0.]
2.05061224489796,0,0,[1.],[1.],"[1.0, 0.0, 0.0]",,,,,,,
2.05061224489796,0,1,[0.0781647 1.       ],[1.],"[1.0, 0.07816469921781549, 0.0]",,,,,,,
2.05061224489796,0,2,[0.0076411 0.0781647 1.       ],[1.],"[1.0, 0.07816469921781549, 0.007641097268577859]",,,,,,,
2.05061224489796,1,0,[1.],[-0.0781647  1.       ],"[1.0, 0.07816469921781549, 0.006109720203811566]",12.793498983644493,-12.793498983644493,[1],,,0.0,[0.]
2.05061224489796,1,1,[-0.01959167  1.        ],[-0.09775637  1.        ],"[1.0, 0.07816469921781549, 0.007641097268577859]",10.229512394672513,-8.17938266666035,[1],,,0.20041324052550752,[0.20041324]
2.05061224489796,2,0,[1.],[-0.00153138 -0.0781647   1.        ],"[1.0, 0.07816469921781549, 0.007641097268577859]",10.594473596064697,-9.040531389340263,[1],-61.63657225107124,9.040531389340263,0.1251612971030895,[0.]
4.09122448979592,0,0,[1.],[1.],"[1.0, 0.0, 0.0]",,,,,,,
4.09122448979592,0,1,[0.04035868 1.        ],[1.],"[1.0, 0.040358683441117114, 0.0]",,,,,,,
4.09122448979592,0,2,[0.00222671 0.04035868 1.        ],[1.],"[1.0, 0.040358683441117114, 0.0022267149832588]",,,,,,,
4.09122448979592,1,0,[1.],[-0.04035868  1.        ],"[1.0, 0.040358683441117114, 0.0016288233291003008]",24.77781519952179,-24.77781519952179,[1],,,0.0,[0.]
4.09122448979592,1,1,[-0.01481445  1.        ],[-0.05517313  1.        ],"[1.0, 0.040358683441117114, 0.0022267149832588]",18.124763943543474,-13.258112765951767,[1],,,0.26850838955755546,[0.26850839]
4.09122448979592,2,0,[1.],[-5.97891654e-04 -4.03586834e-02  1.00000000e+00],"[1.0, 0.040358683441117114, 0.0022267149832588]",19.274279356562182,-15.771242548949386,[1],-86.77594652386827,15.771242548949386,0.1487148416518335,[0.]
6.13183673469388,0,0,[1.],[1.],"[1.0, 0.0, 0.0]",,,,,,,
6.13183673469388,0,1,[0.02452025 1.        ],[1.],"[1.0, 0.02452025128661086, 0.0]",,,,,,,
6.13183673469388,0,2,[8.74320926e-04 2.45202513e-02 1.00000000e+00],[1.],"[1.0, 0.02452025128661086, 0.0008743209260021799]",,,,,,,
6.13183673469388,1,0,[1.],[-0.02452025  1.        ],"[1.0, 0.02452025128661086, 0.0006012427231585415]",40.78261630809812,-40.78261630809812,[1],,,0.0,[0.]
6.13183673469388,1,1,[-0.01113684  1.        ],[-0.03565709  1.        ],"[1.0, 0.02452025128661086, 0.0008743209260021799]",28.04490954909356,-19.285593294824054,[1],,,0.3123317705459534,[0.31233177]
6.13183673469388,2,0,[1.],[-2.73078203e-04 -2.45202513e-02  1.00000000e+00],"[1.0, 0.02452025128661086, 0.0008743209260021799]",30.453877255835135,-24.29966457476986,[1],-120.2459259483882,24.29966457476986,0.16124549639815897,[0.]
8.17244897959184,0,0,[1.],[1.],"[1.0, 0.0, 0.0]",,,,,,,
8.17244897959184,0,1,[0.01631883 1.        ],[1.],"[1.0, 0.01631882530930835, 0.0]",,,,,,,
8.17244897959184,0,2,[4.04784316e-04 1.63188253e-02 1.00000000e+00],[1.],"[1.0, 0.01631882530930835, 0.00040478431631672004]",,,,,,,
8.17244897959184,1,0,[1.],[-0.01631883  1.        ],"[1.0, 0.01631882530930835, 0.0002663040594757227]",61.27892057460744,-61.27892057460744,[1],,,0.0,[0.]
8.17244897959184,1,1,[-0.00848592  1.        ],[-0.02480475  1.        ],"[1.0, 0.01631882530930835, 0.00040478431631672004]",40.31486560002938,-26.522797286705373,[1],,,0.342108750904876,[0.34210875]
8.17244897959184,2,0,[1.],[-1.38480257e-04 -1.63188253e-02  1.00000000e+00],"[1.0, 0.01631882530930835, 0.00040478431631672004]",44.48557150072154,-34.916722864369085,[1],-162.32782339692926,34.916722864369085,0.16883201826288335,[0.]
10.2130612244898,0,0,[1.],[1.],"[1.0, 0.0, 0.0]",,,,,,,
10.2130612244898,0,1,[0.01155573 1.        ],[1.],"[1.0, 0.0115557347967581, 0.0]",,,,,,,
10.2130612244898,0,2,[2.09653952e-04 1.15557348e-02 1.00000000e+00],[1.],"[1.0, 0.0115557347967581, 0.0002096539524529]",,,,,,,
10.2130612244898,1,0,[1.],[-0.01155573  1.        ],"[1.0, 0.0115557347967581, 0.00013353500669300596]",86.53711923888602,-86.53711923888602,[1],,,0.0,[0.]
10.2130612244898,1,1,[-0.00658711  1.        ],[-0.01814285  1.        ],"[1.0, 0.0115557347967581, 0.00020965395245290002]",55.118134724191115,-35.10642371960232,[1],,,0.36306945263526386,[0.36306945]
10.2130612244898,2,0,[1.],[-7.61189458e-05 -1.15557348e-02  1.00000000e+00],"[1.0, 0.0115557347967581, 0.0002096539524529]",61.56793437706617,-47.781259736384335,[1],-213.37947986547795,47.781259736384335,0.17378326640393213,[0.]
12.2536734693878,0,0,[1.],[1.],"[1.0, 0.0, 0.0]",,,,,,,
12.2536734693878,0,1,[0.00856685 1.        ],[1.],"[1.0, 0.00856684779118632, 0.0]",,,,,,,
12.2536734693878,0,2,[1.18025955e-04 8.56684779e-03 1.00000000e+00],[1.],"[1.0, 0.00856684779118632, 0.00011802595514541123]",,,,,,,
12.2536734693878,1,0,[1.],[-0.00856685  1.        ],"[1.0, 0.00856684779118632, 7.339088107735394e-05]",116.72904951443311,-116.72904951443311,[1],,,0.0,[0.]
12.2536734693878,1,1,[-0.00521021  1.        ],[-0.01377706  1.        ],"[1.0, 0.00856684779118632, 0.00011802595514541123]",72.5844394195474,-45.13444483413287,[1],,,0.37818015548415307,[0.37818016]
12.2536734693878,2,0,[1.],[-4.46350741e-05 -8.56684779e-03  1.00000000e+00],"[1.0, 0.00856684779118632, 0.00011802595514541123]",81.8357801569397,-63.00268261996871,[1],-273.76663207227483,63.00268261996871,0.17717169640389946,[0.]
14.294285714285701,0,0,[1.],[1.],"[1.0, 0.0, 0.0]",,,,,,,
14.294285714285701,0,1,[0.00658037 1.        ],[1.],"[1.0, 0.00658036586364575, 0.0]",,,,,,,
14.294285714285701,0,2,[7.09144495e-05 6.58036586e-03 1.00000000e+00],[1.],"[1.0, 0.00658036586364575, 7.091444949367089e-05]",,,,,,,
14.294285714285701,1,0,[1.],[-0.00658037  1.        ],"[1.0, 0.00658036586364575, 4.330121489943428e-05]",151.96723415101505,-151.96723415101505,[1],,,0.0,[0.]
14.294285714285701,1,1,[-0.00419631  1.        ],[-0.01077667  1.        ],"[1.0, 0.00658036586364575, 7.091444949367089e-05]",92.7930190621172,-56.66053234940009,[1],,,0.3893879849790146,[0.38938798]
14.294285714285701,2,0,[1.],[-2.76132346e-05 -6.58036586e-03  1.00000000e+00],"[1.0, 0.00658036586364575, 7.091444949367089e-05]",105.37335565068186,-80.64669460008,[1],-343.67813813419406,80.64669460008,0.17959342239425857,[0.]
16.3348979591837,0,0,[1.],[1.],"[1.0, 0.0, 0.0]",,,,,,,
16.3348979591837,0,1,[0.00519949 1.        ],[1.],"[1.0, 0.00519948700849681, 0.0]",,,,,,,
16.3348979591837,0,2,[4.48988190e-05 5.19948701e-03 1.00000000e+00],[1.],"[1.0, 0.00519948700849681, 4.4898819048326147e-05]",,,,,,,
16.3348979591837,1,0,[1.],[-0.00519949  1.        ],"[1.0, 0.00519948700849681, 2.7034665151527108e-05]",192.3266657587252,-192.3266657587252,[1],,,0.0,[0.]
16.3348979591837,1,1,[-0.00343575  1.        ],[-0.00863524  1.        ],"[1.0, 0.00519948700849681, 4.489881904832614e-05]",115.80453826414507,-69.7287140587963,[1],,,0.397875807770606,[0.39787581]
16.3348979591837,2,0,[1.],[-1.78641539e-05 -5.19948701e-03  1.00000000e+00],"[1.0, 0.00519948700849681, 4.4898819048326147e-05]",132.24220860610572,-100.76300426235689,[1],-423.29920680116004,100.76300426235689,0.1813780241541269,[0.]
18.375510204081603,0,0,[1.],[1.],"[1.0, 0.0, 0.0]",,,,,,,
18.375510204081603,0,1,[0.00420419 1.        ],[1.],"[1.0, 0.00420418698609916, 0.0]",,,,,,,
18.375510204081603,0,2,[2.96745457e-05 4.20418699e-03 1.00000000e+00],[1.],"[1.0, 0.00420418698609916, 2.967454569768834e-05]",,,,,,,
18.375510204081603,1,0,[1.],[-0.00420419  1.        ],"[1.0, 0.00420418698609916, 1.767518821408554e-05]",237.85811699299475,-237.85811699299475,[1],,,0.0,[0.]
18.375510204081603,1,1,[-0.00285414  1.        ],[-0.00705833  1.        ],"[1.0, 0.00420418698609916, 2.967454569768834e-05]",141.67654086197746,-84.38745956778398,[1],,,0.4043653306725284,[0.40436533]
18.375510204081603,2,0,[1.],[-1.19993575e-05 -4.20418699e-03  1.00000000e+00],"[1.0, 0.00420418698609916, 2.9674545697688345e-05]",162.49525923424446,-123.39791871339416,[1],-512.8629344905412,123.39791871339416,0.18271477248661305,[0.]
20.416122448979603,0,0,[1.],[1.],"[1.0, 0.0, 0.0]",,,,,,,
20.416122448979603,0,1,[0.00346505 1.        ],[1.],"[1.0, 0.00346504536703276, 0.0]",,,,,,,
20.416122448979603,0,2,[2.03319021e-05 3.46504537e-03 1.00000000e+00],[1.],"[1.0, 0.00346504536703276, 2.0331902050438752e-05]",,,,,,,
20.416122448979603,1,0,[1.],[-0.00346505  1.        ],"[1.0, 0.00346504536703276, 1.2006539395595194e-05]",288.5965100238601,-288.5965100238601,[1],,,0.0,[0.]
20.416122448979603,1,1,[-0.00240267  1.        ],[-0.00586772  1.        ],"[1.0, 0.00346504536703276, 2.0331902050438752e-05]",170.4240635449051,-100.64003002931865,[1],,,0.40947288818282995,[0.40947289]
20.416122448979603,2,0,[1.],[-8.32536265e-06 -3.46504537e-03  1.00000000e+00],"[1.0, 0.00346504536703276, 2.0331902050438752e-05]",196.15215430712243,-148.56366404866125,[1],-612.3556892987007,148.56366404866125,0.18375043015796816,[0.]
22.456734693877603,0,0,[1.],[1.],"[1.0, 0.0, 0.0]",,,,,,,
22.456734693877603,0,1,[0.0029022 1.       ],[1.],"[1.0, 0.00290219950336096, 0.0]",,,,,,,
22.456734693877603,0,2,[1.43619137e-05 2.90219950e-03 1.00000000e+00],[1.],"[1.0, 0.00290219950336096, 1.4361913719161663e-05]",,,,,,,
22.456734693877603,1,0,[1.],[-0.0029022  1.       ],"[1.0, 0.00290219950336096, 8.422761957308602e-06]",344.5662501292301,-344.5662501292301,[1],,,0.0,[0.]
22.456734693877603,1,1,[-0.00204643  1.        ],[-0.00494863  1.        ],"[1.0, 0.00290219950336096, 1.4361913719161663e-05]",202.07609933548383,-118.51059094536735,[1],,,0.41353484486743886,[0.41353484]
22.456734693877603,2,0,[1.],[-5.93915176e-06 -2.90219950e-03  1.00000000e+00],"[1.0, 0.00290219950336096, 1.4361913719161663e-05]",233.239259788411,-176.28332687132692,[1],-721.894815284008,176.28332687132692,0.18456395962834954,[0.]
24.4973469387755,0,0,[1.],[1.],"[1.0, 0.0, 0.0]",,,,,,,
24.4973469387755,0,1,[0.00246436 1.        ],[1.],"[1.0, 0.00246436124419098, 0.0]",,,,,,,
24.4973469387755,0,2,[1.04118593e-05 2.46436124e-03 1.00000000e+00],[1.],"[1.0, 0.00246436124419098, 1.0411859252918418e-05]",,,,,,,
24.4973469387755,1,0,[1.],[-0.00246436  1.        ],"[1.0, 0.00246436124419098, 6.073076341870514e-06]",405.7846642237258,-405.7846642237258,[1],,,0.0,[0.]
24.4973469387755,1,1,[-0.00176061  1.        ],[-0.00422497  1.        ],"[1.0, 0.00246436124419098, 1.0411859252918418e-05]",236.68791368844384,-138.05639647165538,[1],,,0.41671547853777924,[0.41671548]
24.4973469387755,2,0,[1.],[-4.33878291e-06 -2.46436124e-03  1.00000000e+00],"[1.0, 0.00246436124419098, 1.0411859252918418e-05]",273.79892207889634,-206.60007011330313,[1],-841.7833764096127,206.60007011330313,0.18519482640879428,[0.]
26.5379591836735,0,0,[1.],[1.],"[1.0, 0.0, 0.0]",,,,,,,
26.5379591836735,0,1,[0.00211746 1.        ],[1.],"[1.0, 0.00211745863002855, 0.0]",,,,,,,
26.5379591836735,0,2,[7.72135872e-06 2.11745863e-03 1.00000000e+00],[1.],"[1.0, 0.00211745863002855, 7.721358720539827e-06]",,,,,,,
26.5379591836735,1,0,[1.],[-0.00211746  1.        ],"[1.0, 0.00211745863002855, 4.483631049882385e-06]",472.2642444195081,-472.2642444195081,[1],,,0.0,[0.]
26.5379591836735,1,1,[-0.00152906  1.        ],[-0.00364652  1.        ],"[1.0, 0.00211745863002855, 7.721358720539827e-06]",274.233940769496,-159.24189721880398,[1],,,0.4193209754708925,[0.41932098]
26.5379591836735,2,0,[1.],[-3.23772767e-06 -2.11745863e-03  1.00000000e+00],"[1.0, 0.00211745863002855, 7.721358720539827e-06]",317.8170962365064,-239.49405195021305,[1],-971.8123810217107,239.49405195021305,0.18570764407415927,[0.]
28.5785714285714,0,0,[1.],[1.],"[1.0, 0.0, 0.0]",,,,,,,
28.5785714285714,0,1,[0.00183819 1.        ],[1.],"[1.0, 0.0018381875446863102, 0.0]",,,,,,,
28.5785714285714,0,2,[5.84240818e-06 1.83818754e-03 1.00000000e+00],[1.],"[1.0, 0.0018381875446863102, 5.842408175677492e-06]",,,,,,,
28.5785714285714,1,0,[1.],[-0.00183819  1.        ],"[1.0, 0.0018381875446863102, 3.3789334494398854e-06]",544.0141311427783,-544.0141311427783,[1],,,0.0,[0.]
28.5785714285714,1,1,[-0.00134017  1.        ],[-0.00317835  1.        ],"[1.0, 0.0018381875446863102, 5.842408175677492e-06]",314.62840140797795,-181.96408016937917,[1],,,0.42165399132729026,[0.42165399]
28.5785714285714,2,0,[1.],[-2.46347473e-06 -1.83818754e-03  1.00000000e+00],"[1.0, 0.0018381875446863102, 5.842408175677492e-06]",365.23786076651487,-274.8992751809642,[1],-1111.4146025485265,274.8992751809642,0.18616382798957543,[0.]
30.6191836734694,0,0,[1.],[1.],"[1.0, 0.0, 0.0]",,,,,,,
30.6191836734694,0,1,[0.0016102 1.       ],[1.],"[1.0, 0.00161019937110421, 0.0]",,,,,,,
30.6191836734694,0,2,[4.49805342e-06 1.61019937e-03 1.00000000e+00],[1.],"[1.0, 0.00161019937110421, 4.498053420765286e-06]",,,,,,,
30.6191836734694,1,0,[1.],[-0.0016102  1.       ],"[1.0, 0.00161019937110421, 2.5927420147043934e-06]",621.0411070488993,-621.0411070488993,[1],,,0.0,[0.]
30.6191836734694,1,1,[-0.00118328  1.        ],[-0.00279348  1.        ],"[1.0, 0.00161019937110421, 4.498053420765286e-06]",357.97693368218273,-206.3429998336774,[1],,,0.4235857665151359,[0.42358577]
30.6191836734694,2,0,[1.],[-1.90531141e-06 -1.61019937e-03  1.00000000e+00],"[1.0, 0.00161019937110421, 4.498053420765286e-06]",416.1350233787279,-312.89767494208587,[1],-1261.2458887113362,312.89767494208587,0.18653942744120444,[0.]
32.6597959183673,0,0,[1.],[1.],"[1.0, 0.0, 0.0]",,,,,,,
32.6597959183673,0,1,[0.00142177 1.        ],[1.],"[1.0, 0.00142176670581748, 0.0]",,,,,,,
32.6597959183673,0,2,[3.51780087e-06 1.42176671e-03 1.00000000e+00],[1.],"[1.0, 0.00142176670581748, 3.517800865065458e-06]",,,,,,,
32.6597959183673,1,0,[1.],[-0.00142177  1.        ],"[1.0, 0.00142176670581748, 2.021420565771089e-06]",703.3502725224004,-703.3502725224004,[1],,,0.0,[0.]
32.6597959183673,1,1,[-0.00105248  1.        ],[-0.00247425  1.        ],"[1.0, 0.00142176670581748, 3.5178008650654575e-06]",404.16349883154186,-232.24293807684765,[1],,,0.42537379365461175,[0.42537379]
32.6597959183673,2,0,[1.],[-1.49638030e-06 -1.42176671e-03  1.00000000e+00],"[1.0, 0.00142176670581748, 3.517800865065458e-06]",470.43097781279795,-353.4000976084496,[1],-1420.5682567437798,353.4000976084496,0.18688537316691126,[0.]
34.7004081632653,0,0,[1.],[1.],"[1.0, 0.0, 0.0]",,,,,,,
34.7004081632653,0,1,[0.00126431 1.        ],[1.],"[1.0, 0.00126430959658913, 0.0]",,,,,,,
34.7004081632653,0,2,[2.7895871e-06 1.2643096e-03 1.0000000e+00],[1.],"[1.0, 0.00126430959658913, 2.7895871030475544e-06]",,,,,,,
34.7004081632653,1,0,[1.],[-0.00126431  1.        ],"[1.0, 0.00126430959658913, 1.5984787560273687e-06]",790.9455110503094,-790.9455110503094,[1],,,0.0,[0.]
34.7004081632653,1,1,[-9.421018e-04  1.000000e+00],[-0.00220641  1.        ],"[1.0, 0.00126430959658913, 2.7895871030475544e-06]",453.2246350034753,-259.70508322534477,[1],,,0.42698374455450044,[0.42698374]
34.7004081632653,2,0,[1.],[-1.19110835e-06 -1.26430960e-03  1.00000000e+00],"[1.0, 0.00126430959658913, 2.7895871030475544e-06]",528.1516804037178,-396.4350425564327,[1],-1589.6080959783994,396.4350425564327,0.18719547277155482,[0.]
36.741020408163294,0,0,[1.],[1.],"[1.0, 0.0, 0.0]",,,,,,,
36.741020408163294,0,1,[0.00113144 1.        ],[1.],"[1.0, 0.00113143954157945, 0.0]",,,,,,,
36.741020408163294,0,2,[2.23857584e-06 1.13143954e-03 1.00000000e+00],[1.],"[1.0, 0.00113143954157945, 2.238575843034356e-06]",,,,,,,
36.741020408163294,1,0,[1.],[-0.00113144  1.        ],"[1.0, 0.00113143954157945, 1.2801554362495162e-06]",883.8298143655427,-883.8298143655427,[1],,,0.0,[0.]
36.741020408163294,1,1,[-8.4708053e-04  1.0000000e+00],[-0.00197852  1.        ],"[1.0, 0.00113143954157945, 2.238575843034356e-06]",505.42828160148497,-289.034997111984,[1],,,0.42813845676352663,[0.42813846]
36.741020408163294,2,0,[1.],[-9.58420407e-07 -1.13143954e-03  1.00000000e+00],"[1.0, 0.00113143954157945, 2.238575843034356e-06]",589.4803108866836,-442.2079609208747,[1],-1770.0056143649645,442.2079609208747,0.1874170793681304,[0.]
38.7816326530612,0,0,[1.],[1.],"[1.0, 0.0, 0.0]",,,,,,,
38.7816326530612,0,1,[0.00101832 1.        ],[1.],"[1.0, 0.00101832422231729, 0.0]",,,,,,,
38.7816326530612,0,2,[1.81561240e-06 1.01832422e-03 1.00000000e+00],[1.],"[1.0, 0.00101832422231729, 1.8156123963604332e-06]",,,,,,,
38.7816326530612,1,0,[1.],[-0.00101832  1.        ],"[1.0, 0.00101832422231729, 1.0369842217581134e-06]",982.0055126690481,-982.0055126690481,[1],,,0.0,[0.]
38.7816326530612,1,1,[-7.6461716e-04  1.0000000e+00],[-0.00178294  1.        ],"[1.0, 0.00101832422231729, 1.8156123963604332e-06]",560.8709349851417,-320.340570040287,[1],,,0.42885154131088427,[0.42885154]
38.7816326530612,2,0,[1.],[-7.78628175e-07 -1.01832422e-03  1.00000000e+00],"[1.0, 0.00101832422231729, 1.8156123963604332e-06]",654.4831417316719,-490.792186386635,[1],-1962.327187880392,490.792186386635,0.18755359562471377,[0.]
40.8222448979592,0,0,[1.],[1.],"[1.0, 0.0, 0.0]",,,,,,,
40.8222448979592,0,1,[9.21256147e-04 1.00000000e+00],[1.],"[1.0, 0.00092125614712637, 0.0]",,,,,,,
40.8222448979592,0,2,[1.48733367e-06 9.21256147e-04 1.00000000e+00],[1.],"[1.0, 0.00092125614712637, 1.487333672011892e-06]",,,,,,,
40.8222448979592,1,0,[1.],[-9.21256147e-04  1.00000000e+00],"[1.0, 0.00092125614712637, 8.487128886181239e-07]",1085.4744395673797,-1085.4744395673797,[1],,,0.0,[0.]
40.8222448979592,1,1,[-6.93206537e-04  1.00000000e+00],[-0.00161446  1.        ],"[1.0, 0.00092125614712637, 1.487333672011892e-06]",619.4011232733013,-353.44706197332096,[1],,,0.4293729076474926,[0.42937291]
40.8222448979592,2,0,[1.],[-6.38620783e-07 -9.21256147e-04  1.00000000e+00],"[1.0, 0.00092125614712637, 1.487333672011892e-06]",723.0575702958562,-542.0714290503223,[1],-2165.629079213272,542.0714290503223,0.18765324689766405,[0.]
42.8628571428571,0,0,[1.],[1.],"[1.0, 0.0, 0.0]",,,,,,,
42.8628571428571,0,1,[8.37353992e-04 1.00000000e+00],[1.],"[1.0, 0.00083735399222628, 0.0]",,,,,,,
42.8628571428571,0,2,[1.22862038e-06 8.37353992e-04 1.00000000e+00],[1.],"[1.0, 0.00083735399222628, 1.2286203795726556e-06]",,,,,,,
42.8628571428571,1,0,[1.],[-8.37353992e-04  1.00000000e+00],"[1.0, 0.00083735399222628, 7.011617082972889e-07]",1194.23805139006,-1194.23805139006,[1],,,0.0,[0.]
42.8628571428571,1,1,[-6.29911216e-04  1.00000000e+00],[-0.00146727  1.        ],"[1.0, 0.00083735399222628, 1.2286203795726556e-06]",681.5400478034821,-388.9482806374418,[1],,,0.42930972010966456,[0.42930972]
42.8628571428571,2,0,[1.],[-5.27458671e-07 -8.37353992e-04  1.00000000e+00],"[1.0, 0.00083735399222628, 1.2286203795726556e-06]",795.5586738781612,-596.4442495388076,[1],-2383.0839869071483,596.4442495388076,0.18764117681332926,[0.]
44.903469387755095,0,0,[1.],[1.],"[1.0, 0.0, 0.0]",,,,,,,
44.903469387755095,0,1,[7.64352135e-04 1.00000000e+00],[1.],"[1.0, 0.0007643521351915599, 0.0]",,,,,,,
44.903469387755095,0,2,[1.02296558e-06 7.64352135e-04 1.00000000e+00],[1.],"[1.0, 0.0007643521351915599, 1.0229655792902515e-06]",,,,,,,
44.903469387755095,1,0,[1.],[-7.64352135e-04  1.00000000e+00],"[1.0, 0.0007643521351915599, 5.842341865718967e-07]",1308.297516234952,-1308.297516234952,[1],,,0.0,[0.]
44.903469387755095,1,1,[-5.73991191e-04  1.00000000e+00],[-0.00133834  1.        ],"[1.0, 0.0007643521351915599, 1.0229655792902515e-06]",747.1924282358343,-426.7351408108156,[1],,,0.4288818720789736,[0.42888187]
44.903469387755095,2,0,[1.],[-4.38731393e-07 -7.64352135e-04  1.00000000e+00],"[1.0, 0.0007643521351915599, 1.0229655792902515e-06]",871.9219379496931,-653.8378503991623,[1],-2614.1089523223773,653.8378503991623,0.1875593966260388,[0.]
46.9440816326531,0,0,[1.],[1.],"[1.0, 0.0, 0.0]",,,,,,,
46.9440816326531,0,1,[7.00449938e-04 1.00000000e+00],[1.],"[1.0, 0.00070044993788681, 0.0]",,,,,,,
46.9440816326531,0,2,[8.75207535e-07 7.00449938e-04 1.00000000e+00],[1.],"[1.0, 0.00070044993788681, 8.752075353743989e-07]",,,,,,,
46.9440816326531,1,0,[1.],[-7.00449938e-04  1.00000000e+00],"[1.0, 0.00070044993788681, 4.90630115485636e-07]",1427.6537778230143,-1427.6537778230143,[1],,,0.0,[0.]
46.9440816326531,1,1,[-5.49043406e-04  1.00000000e+00],[-0.00124949  1.        ],"[1.0, 0.00070044993788681, 8.752075353743989e-07]",800.3243911596002,-448.651585583791,[1],,,0.43941282992295905,[0.43941283]
46.9440816326531,2,0,[1.],[-3.84577420e-07 -7.00449938e-04  1.00000000e+00],"[1.0, 0.00070044993788681, 8.752075353743987e-07]",941.2391393217422,-702.0457584625356,[1],-2762.588760132584,702.0457584625356,0.18954599876683415,[0.]
48.984693877551,0,0,[1.],[1.],"[1.0, 0.0, 0.0]",,,,,,,
48.984693877551,0,1,[6.44202217e-04 1.00000000e+00],[1.],"[1.0, 0.00064420221696948, 0.0]",,,,,,,
48.984693877551,0,2,[7.25566094e-07 6.44202217e-04 1.00000000e+00],[1.],"[1.0, 0.00064420221696948, 7.255660940328134e-07]",,,,,,,
48.984693877551,1,0,[1.],[-6.44202217e-04  1.00000000e+00],"[1.0, 0.00064420221696948, 4.14996496348393e-07]",1552.3076041313536,-1552.3076041313536,[1],,,0.0,[0.]
48.984693877551,1,1,[-4.82099548e-04  1.00000000e+00],[-0.0011263  1.       ],"[1.0, 0.00064420221696948, 7.255660940328134e-07]",887.8615225649536,-507.8233728633162,[1],,,0.42803763880175894,[0.42803764]
48.984693877551,2,0,[1.],[-3.10569598e-07 -6.44202217e-04  1.00000000e+00],"[1.0, 0.00064420221696948, 7.255660940328134e-07]",1035.4356595174854,-776.7883888241855,[1],-3109.6960564545816,776.7883888241855,0.18739775767101824,[0.]
51.025306122448995,0,0,[1.],[1.],"[1.0, 0.0, 0.0]",,,,,,,
51.025306122448995,0,1,[5.94438566e-04 1.00000000e+00],[1.],"[1.0, 0.0005944385657293599, 0.0]",,,,,,,
51.025306122448995,0,2,[6.17715575e-07 5.94438566e-04 1.00000000e+00],[1.],"[1.0, 0.0005944385657293599, 6.177155751324203e-07]",,,,,,,
51.025306122448995,1,0,[1.],[-5.94438566e-04  1.00000000e+00],"[1.0, 0.0005944385657293599, 3.5335720842637856e-07]",1682.2596272383964,-1682.2596272383964,[1],,,0.0,[0.]
51.025306122448995,1,1,[-4.44719407e-04  1.00000000e+00],[-0.00103916  1.        ],"[1.0, 0.0005944385657293599, 6.177155751324201e-07]",962.3175935007462,-550.4828956046949,[1],,,0.4279613099432873,[0.42796131]
51.025306122448995,2,0,[1.],[-2.64358367e-07 -5.94438566e-04  1.00000000e+00],"[1.0, 0.0005944385657293599, 6.177155751324203e-07]",1122.2049410556187,-841.9158966813047,[1],-3370.8138015815175,841.9158966813047,0.18738312589080142,[0.]
53.065918367346896,0,0,[1.],[1.],"[1.0, 0.0, 0.0]",,,,,,,
53.065918367346896,0,1,[5.50203189e-04 1.00000000e+00],[1.],"[1.0, 0.00055020318877814, 0.0]",,,,,,,
53.065918367346896,0,2,[5.29484779e-07 5.50203189e-04 1.00000000e+00],[1.],"[1.0, 0.00055020318877814, 5.294847792559068e-07]",,,,,,,
53.065918367346896,1,0,[1.],[-5.50203189e-04  1.00000000e+00],"[1.0, 0.00055020318877814, 3.0272354894163356e-07]",1817.5103677983823,-1817.5103677983823,[1],,,0.0,[0.]
53.065918367346896,1,1,[-4.12140887e-04  1.00000000e+00],[-9.62344076e-04  1.00000000e+00],"[1.0, 0.00055020318877814, 5.294847792559068e-07]",1039.1293769602767,-594.1038253167393,[1],,,0.4282677032434139,[0.4282677]
53.065918367346896,2,0,[1.],[-2.26761230e-07 -5.50203189e-04  1.00000000e+00],"[1.0, 0.00055020318877814, 5.294847792559068e-07]",1212.049265666823,-909.1778974581001,[1],-3638.4040178244195,909.1778974581001,0.18744184188981514,[0.]
55.1065306122449,0,0,[1.],[1.],"[1.0, 0.0, 0.0]",,,,,,,
55.1065306122449,0,1,[5.10709512e-04 1.00000000e+00],[1.],"[1.0, 0.0005107095120051701, 0.0]",,,,,,,
55.1065306122449,0,2,[4.56856036e-07 5.10709512e-04 1.00000000e+00],[1.],"[1.0, 0.0005107095120051701, 4.56856036365063e-07]",,,,,,,
55.1065306122449,1,0,[1.],[-5.10709512e-04  1.00000000e+00],"[1.0, 0.0005107095120051701, 2.6082420565255893e-07]",1958.0602602715508,-1958.0602602715508,[1],,,0.0,[0.]
55.1065306122449,1,1,[-3.83842137e-04  1.00000000e+00],[-8.94551649e-04  1.00000000e+00],"[1.0, 0.0005107095120051701, 4.56856036365063e-07]",1117.8784373050814,-638.2092655403488,[1],,,0.42908884880281983,[0.42908885]
55.1065306122449,2,0,[1.],[-1.96031831e-07 -5.10709512e-04  1.00000000e+00],"[1.0, 0.0005107095120051701, 4.5685603636506294e-07]",1304.6840216953688,-978.2546641360713,[1],-3909.9217024787786,978.2546641360713,0.18759897025407427,[0.]
57.147142857142896,0,0,[1.],[1.],"[1.0, 0.0, 0.0]",,,,,,,
57.147142857142896,0,1,[4.75305578e-04 1.00000000e+00],[1.],"[1.0, 0.00047530557798097003, 0.0]",,,,,,,
57.147142857142896,0,2,[3.96584093e-07 4.75305578e-04 1.00000000e+00],[1.],"[1.0, 0.00047530557798097003, 3.965840926807424e-07]",,,,,,,
57.147142857142896,1,0,[1.],[-4.75305578e-04  1.00000000e+00],"[1.0, 0.00047530557798097003, 2.2591539245982397e-07]",2103.9096663831647,-2103.9096663831647,[1],,,0.0,[0.]
57.147142857142896,1,1,[-3.59071528e-04  1.00000000e+00],[-8.34377106e-04  1.00000000e+00],"[1.0, 0.00047530557798097003, 3.965840926807424e-07]",1198.498847414941,-682.7286885012795,[1],,,0.4303468126199149,[0.43034681]
57.147142857142896,2,0,[1.],[-1.70668700e-07 -4.75305578e-04  1.00000000e+00],"[1.0, 0.00047530557798097003, 3.965840926807424e-07]",1400.0645605398445,-1049.0978028485285,[1],-4185.024997724407,1049.0978028485285,0.18783902959911888,[0.]
59.187755102040796,0,0,[1.],[1.],"[1.0, 0.0, 0.0]",,,,,,,
59.187755102040796,0,1,[4.43447429e-04 1.00000000e+00],[1.],"[1.0, 0.00044344742859975, 0.0]",,,,,,,
59.187755102040796,0,2,[3.46355125e-07 4.43447429e-04 1.00000000e+00],[1.],"[1.0, 0.00044344742859975, 3.4635512467268565e-07]",,,,,,,
59.187755102040796,1,0,[1.],[-4.43447429e-04  1.00000000e+00],"[1.0, 0.00044344742859975, 1.966456219317304e-07]",2255.058740914669,-2255.058740914669,[1],,,0.0,[0.]
59.187755102040796,1,1,[-3.37603723e-04  1.00000000e+00],[-7.81051151e-04  1.00000000e+00],"[1.0, 0.00044344742859975, 3.4635512467268565e-07]",1280.325876566195,-726.9142574707874,[1],,,0.43224278226699986,[0.43224278]
59.187755102040796,2,0,[1.],[-1.49709503e-07 -4.43447429e-04  1.00000000e+00],"[1.0, 0.00044344742859975, 3.4635512467268565e-07]",1497.73880355766,-1121.2033217907315,[1],-4459.791448719765,1121.2033217907315,0.1881993501186371,[0.]
61.2283673469388,0,0,[1.],[1.],"[1.0, 0.0, 0.0]",,,,,,,
61.2283673469388,0,1,[4.14678251e-04 1.00000000e+00],[1.],"[1.0, 0.00041467825074408996, 0.0]",,,,,,,
61.2283673469388,0,2,[3.04105960e-07 4.14678251e-04 1.00000000e+00],[1.],"[1.0, 0.00041467825074408996, 3.0410596023786517e-07]",,,,,,,
61.2283673469388,1,0,[1.],[-4.14678251e-04  1.00000000e+00],"[1.0, 0.00041467825074408996, 1.7195805164017835e-07]",2411.5081951021566,-2411.5081951021566,[1],,,0.0,[0.]
61.2283673469388,1,1,[-3.18675765e-04  1.00000000e+00],[-7.33354015e-04  1.00000000e+00],"[1.0, 0.00041467825074408996, 3.0410596023786517e-07]",1363.5979065314523,-771.0524287138866,[1],,,0.4345456054012343,[0.43454561]
61.2283673469388,2,0,[1.],[-1.32147909e-07 -4.14678251e-04  1.00000000e+00],"[1.0, 0.00041467825074408996, 3.0410596023786517e-07]",1597.8694481126533,-1194.7595994891299,[1],-4735.855172930615,1194.7595994891299,0.18863459827723508,[0.]
63.268979591836704,0,0,[1.],[1.],"[1.0, 0.0, 0.0]",,,,,,,
63.268979591836704,0,1,[3.88612443e-04 1.00000000e+00],[1.],"[1.0, 0.00038861244313108, 0.0]",,,,,,,
63.268979591836704,0,2,[2.68377819e-07 3.88612443e-04 1.00000000e+00],[1.],"[1.0, 0.00038861244313108, 2.68377818817946e-07]",,,,,,,
63.268979591836704,1,0,[1.],[-3.88612443e-04  1.00000000e+00],"[1.0, 0.00038861244313108, 1.510196309563069e-07]",2573.2577988057305,-2573.2577988057305,[1],,,0.0,[0.]
63.268979591836704,1,1,[-3.01992872e-04  1.00000000e+00],[-6.90605315e-04  1.00000000e+00],"[1.0, 0.00038861244313108, 2.68377818817946e-07]",1448.005073007524,-814.8109732451327,[1],,,0.4372872109123482,[0.43728721]
63.268979591836704,2,0,[1.],[-1.17358188e-07 -3.88612443e-04  1.00000000e+00],"[1.0, 0.00038861244313108, 2.68377818817946e-07]",1700.245897936292,-1269.5381957959942,[1],-5011.582330544126,1269.5381957959942,0.18914938710870766,[0.]
65.30959183673471,0,0,[1.],[1.],"[1.0, 0.0, 0.0]",,,,,,,
65.30959183673471,0,1,[3.64922499e-04 1.00000000e+00],[1.],"[1.0, 0.00036492249850226003, 0.0]",,,,,,,
65.30959183673471,0,2,[2.37798223e-07 3.64922499e-04 1.00000000e+00],[1.],"[1.0, 0.00036492249850226003, 2.377982233533029e-07]",,,,,,,
65.30959183673471,1,0,[1.],[-3.64922499e-04  1.00000000e+00],"[1.0, 0.00036492249850226003, 1.3316842991313197e-07]",2740.3078848365576,-2740.3078848365576,[1],,,0.0,[0.]
65.30959183673471,1,1,[-2.86717848e-04  1.00000000e+00],[-6.51640346e-04  1.00000000e+00],"[1.0, 0.00036492249850226003, 2.377982233533029e-07]",1534.5888348378674,-859.378942432048,[1],,,0.4399940082172934,[0.43999401]
65.30959183673471,2,0,[1.],[-1.04629793e-07 -3.64922499e-04  1.00000000e+00],"[1.0, 0.00036492249850226003, 2.377982233533029e-07]",1805.5768271220586,-1346.3357785825726,[1],-5293.32621956379,1346.3357785825726,0.18965405918751277,[0.]
67.3502040816327,0,0,[1.],[1.],"[1.0, 0.0, 0.0]",,,,,,,
67.3502040816327,0,1,[3.43328942e-04 1.00000000e+00],[1.],"[1.0, 0.0003433289418426, 0.0]",,,,,,,
67.3502040816327,0,2,[2.11709572e-07 3.43328942e-04 1.00000000e+00],[1.],"[1.0, 0.0003433289418426, 2.117095720055923e-07]",,,,,,,
67.3502040816327,1,0,[1.],[-3.43328942e-04  1.00000000e+00],"[1.0, 0.0003433289418426, 1.1787476230675941e-07]",2912.6586143106238,-2912.6586143106238,[1],,,0.0,[0.]
67.3502040816327,1,1,[-2.73308767e-04  1.00000000e+00],[-6.16637709e-04  1.00000000e+00],"[1.0, 0.0003433289418426, 2.117095720055923e-07]",1621.697774881577,-902.9220452182346,[1],,,0.44322421896140923,[0.44322422]
67.3502040816327,2,0,[1.],[-9.38348097e-08 -3.43328942e-04  1.00000000e+00],"[1.0, 0.0003433289418426, 2.117095720055923e-07]",1912.7391112775615,-1423.9092185011211,[1],-5571.604546658418,1423.9092185011211,0.19025171525779516,[0.]
69.3908163265306,0,0,[1.],[1.],"[1.0, 0.0, 0.0]",,,,,,,
69.3908163265306,0,1,[3.23592117e-04 1.00000000e+00],[1.],"[1.0, 0.00032359211708102, 0.0]",,,,,,,
69.3908163265306,0,2,[1.89118161e-07 3.23592117e-04 1.00000000e+00],[1.],"[1.0, 0.00032359211708102, 1.8911816054248322e-07]",,,,,,,
69.3908163265306,1,0,[1.],[-3.23592117e-04  1.00000000e+00],"[1.0, 0.00032359211708102, 1.0471185823697656e-07]",3090.310138023613,-3090.310138023613,[1],,,0.0,[0.]
69.3908163265306,1,1,[-2.60841652e-04  1.00000000e+00],[-5.84433769e-04  1.00000000e+00],"[1.0, 0.00032359211708102, 1.891181605424832e-07]",1711.0578706603314,-947.3868013199059,[1],,,0.4463151611848813,[0.44631516]
69.3908163265306,2,0,[1.],[-8.44063023e-08 -3.23592117e-04  1.00000000e+00],"[1.0, 0.00032359211708102, 1.8911816054248322e-07]",2022.9066402689343,-1503.5688953907859,[1],-5856.650190718353,1503.5688953907859,0.19081896706142454,[0.]
71.4314285714286,0,0,[1.],[1.],"[1.0, 0.0, 0.0]",,,,,,,
71.4314285714286,0,1,[3.05505587e-04 1.00000000e+00],[1.],"[1.0, 0.00030550558745397996, 0.0]",,,,,,,
71.4314285714286,0,2,[1.69536524e-07 3.05505587e-04 1.00000000e+00],[1.],"[1.0, 0.00030550558745397996, 1.6953652433317388e-07]",,,,,,,
71.4314285714286,1,0,[1.],[-3.05505587e-04  1.00000000e+00],"[1.0, 0.00030550558745397996, 9.33336639656014e-08]",3273.2625557973984,-3273.2625557973984,[1],,,0.0,[0.]
71.4314285714286,1,1,[-2.49431969e-04  1.00000000e+00],[-5.54937557e-04  1.00000000e+00],"[1.0, 0.00030550558745397996, 1.6953652433317388e-07]",1802.004545366278,-992.0439702490265,[1],,,0.4494775427731331,[0.44947754]
71.4314285714286,2,0,[1.],[-7.62028604e-08 -3.05505587e-04  1.00000000e+00],"[1.0, 0.00030550558745397996, 1.6953652433317388e-07]",2135.6272986903678,-1584.8176871136664,[1],-6144.73648409813,1584.8176871136664,0.19139469335971163,[0.]
73.4720408163265,0,0,[1.],[1.],"[1.0, 0.0, 0.0]",,,,,,,
73.4720408163265,0,1,[2.88890764e-04 1.00000000e+00],[1.],"[1.0, 0.00028889076368356, 0.0]",,,,,,,
73.4720408163265,0,2,[1.53491083e-07 2.88890764e-04 1.00000000e+00],[1.],"[1.0, 0.00028889076368356, 1.5349108342869536e-07]",,,,,,,
73.4720408163265,1,0,[1.],[-2.88890764e-04  1.00000000e+00],"[1.0, 0.00028889076368356, 8.345787334167051e-08]",3461.5159974285716,-3461.5159974285716,[1],,,0.0,[0.]
73.4720408163265,1,1,[-2.42421077e-04  1.00000000e+00],[-5.31311841e-04  1.00000000e+00],"[1.0, 0.00028889076368356, 1.5349108342869536e-07]",1882.1338492783843,-1023.3746801202138,[1],,,0.4562689149272892,[0.45626891]
73.4720408163265,2,0,[1.],[-7.00332101e-08 -2.88890764e-04  1.00000000e+00],"[1.0, 0.00028889076368356, 1.5349108342869536e-07]",2242.465202991037,-1658.4164950534982,[1],-6367.519064217417,1658.4164950534982,0.19261550818038756,[0.]
75.5126530612245,0,0,[1.],[1.],"[1.0, 0.0, 0.0]",,,,,,,
75.5126530612245,0,1,[2.73592531e-04 1.00000000e+00],[1.],"[1.0, 0.00027359253120061, 0.0]",,,,,,,
75.5126530612245,0,2,[1.38336145e-07 2.73592531e-04 1.00000000e+00],[1.],"[1.0, 0.00027359253120061, 1.383361450593778e-07]",,,,,,,
75.5126530612245,1,0,[1.],[-2.73592531e-04  1.00000000e+00],"[1.0, 0.00027359253120061, 7.485287312875675e-08]",3655.070537239031,-3655.070537239031,[1],,,0.0,[0.]
75.5126530612245,1,1,[-2.32035837e-04  1.00000000e+00],[-5.05628368e-04  1.00000000e+00],"[1.0, 0.00027359253120061, 1.383361450593778e-07]",1977.7371350284216,-1070.141912562119,[1],,,0.4589058911781316,[0.45890589]
75.5126530612245,2,0,[1.],[-6.34832719e-08 -2.73592531e-04  1.00000000e+00],"[1.0, 0.00027359253120061, 1.383361450593778e-07]",2361.2997978507806,-1743.9874989473992,[1],-6670.978912998012,1743.9874989473992,0.19308388888096115,[0.]
77.5532653061225,0,0,[1.],[1.],"[1.0, 0.0, 0.0]",,,,,,,
77.5532653061225,0,1,[2.59475645e-04 1.00000000e+00],[1.],"[1.0, 0.00025947564516034, 0.0]",,,,,,,
77.5532653061225,0,2,[1.24910013e-07 2.59475645e-04 1.00000000e+00],[1.],"[1.0, 0.00025947564516034, 1.2491001274911868e-07]",,,,,,,
77.5532653061225,1,0,[1.],[-2.59475645e-04  1.00000000e+00],"[1.0, 0.00025947564516034, 6.732761043137467e-08]",3853.9262495409216,-3853.9262495409216,[1],,,0.0,[0.]
77.5532653061225,1,1,[-2.21918332e-04  1.00000000e+00],[-4.81393977e-04  1.00000000e+00],"[1.0, 0.00025947564516034, 1.2491001274911868e-07]",2077.3006058489154,-1119.683545468545,[1],,,0.4609910851053876,[0.46099109]
77.5532653061225,2,0,[1.],[-5.75824023e-08 -2.59475645e-04  1.00000000e+00],"[1.0, 0.00025947564516034, 1.2491001274911868e-07]",2484.301219506401,-1832.9127387068404,[1],-6990.463427337432,1832.9127387068404,0.1934520599746409,[0.]
79.5938775510204,0,0,[1.],[1.],"[1.0, 0.0, 0.0]",,,,,,,
79.5938775510204,0,1,[2.46421758e-04 1.00000000e+00],[1.],"[1.0, 0.00024642175750173997, 0.0]",,,,,,,
79.5938775510204,0,2,[1.12968801e-07 2.46421758e-04 1.00000000e+00],[1.],"[1.0, 0.00024642175750173997, 1.1296880144146554e-07]",,,,,,,
79.5938775510204,1,0,[1.],[-2.46421758e-04  1.00000000e+00],"[1.0, 0.00024642175750173997, 6.072368257024634e-08]",4058.0832234058676,-4058.0832234058676,[1],,,0.0,[0.]
79.5938775510204,1,1,[-2.1201504e-04  1.0000000e+00],[-4.58436798e-04  1.00000000e+00],"[1.0, 0.00024642175750173997, 1.1296880144146554e-07]",2181.325767445826,-1172.519596512778,[1],,,0.4624738707021678,[0.46247387]
79.5938775510204,2,0,[1.],[-5.22451189e-08 -2.46421758e-04  1.00000000e+00],"[1.0, 0.00024642175750173997, 1.1296880144146556e-07]",2611.810812169587,-1925.5561128481693,[1],-7328.457320509504,1925.5561128481693,0.19371269337472038,[0.]
81.63448979591841,0,0,[1.],[1.],"[1.0, 0.0, 0.0]",,,,,,,
81.63448979591841,0,1,[2.34326973e-04 1.00000000e+00],[1.],"[1.0, 0.00023432697343652998, 0.0]",,,,,,,
81.63448979591841,0,2,[1.02486891e-07 2.34326973e-04 1.00000000e+00],[1.],"[1.0, 0.00023432697343652998, 1.0248689132329499e-07]",,,,,,,
81.63448979591841,1,0,[1.],[-2.34326973e-04  1.00000000e+00],"[1.0, 0.00023432697343652998, 5.490913047992423e-08]",4267.54114276503,-4267.54114276503,[1],,,0.0,[0.]
81.63448979591841,1,1,[-2.03040052e-04  1.00000000e+00],[-4.37367025e-04  1.00000000e+00],"[1.0, 0.00023432697343652998, 1.0248689132329499e-07]",2286.4092218130154,-1224.9834166108317,[1],,,0.4642326470151843,[0.46423265]
81.63448979591841,2,0,[1.],[-4.75777608e-08 -2.34326973e-04  1.00000000e+00],"[1.0, 0.00023432697343652998, 1.0248689132329499e-07]",2741.5133457573997,-2019.3979079358642,[1],-7666.649991173528,2019.3979079358642,0.19402058197631317,[0.]
83.6751020408163,0,0,[1.],[1.],"[1.0, 0.0, 0.0]",,,,,,,
83.6751020408163,0,1,[2.2309969e-04 1.0000000e+00],[1.],"[1.0, 0.00022309969041712003, 0.0]",,,,,,,
83.6751020408163,0,2,[9.28366082e-08 2.23099690e-04 1.00000000e+00],[1.],"[1.0, 0.00022309969041712003, 9.283660818829833e-08]",,,,,,,
83.6751020408163,1,0,[1.],[-2.2309969e-04  1.0000000e+00],"[1.0, 0.00022309969041712003, 4.97734718642148e-08]",4482.301154835053,-4482.301154835053,[1],,,0.0,[0.]
83.6751020408163,1,1,[-1.93021946e-04  1.00000000e+00],[-4.16121636e-04  1.00000000e+00],"[1.0, 0.00022309969041712003, 9.283660818829833e-08]",2403.1434880151173,-1288.4227151403852,[1],,,0.4638594317959094,[0.46385943]
83.6751020408163,2,0,[1.],[-4.30631363e-08 -2.23099690e-04  1.00000000e+00],"[1.0, 0.00022309969041712003, 9.283660818829833e-08]",2880.615518299733,-2122.2574451714718,[1],-8061.37357405586,2122.2574451714718,0.19395536106448372,[0.]
85.7157142857143,0,0,[1.],[1.],"[1.0, 0.0, 0.0]",,,,,,,
85.7157142857143,0,1,[2.12659075e-04 1.00000000e+00],[1.],"[1.0, 0.00021265907487308999, 0.0]",,,,,,,
85.7157142857143,0,2,[8.42802956e-08 2.12659075e-04 1.00000000e+00],[1.],"[1.0, 0.00021265907487308999, 8.428029564127755e-08]",,,,,,,
85.7157142857143,1,0,[1.],[-2.12659075e-04  1.00000000e+00],"[1.0, 0.00021265907487308999, 4.522388212587849e-08]",4702.362222711525,-4702.362222711525,[1],,,0.0,[0.]
85.7157142857143,1,1,[-1.83657403e-04  1.00000000e+00],[-3.96316478e-04  1.00000000e+00],"[1.0, 0.00021265907487308999, 8.428029564127755e-08]",2523.235986003554,-1353.9407513766735,[1],,,0.4634109695299952,[0.46341097]
85.7157142857143,2,0,[1.],[-3.90564135e-08 -2.12659075e-04  1.00000000e+00],"[1.0, 0.00021265907487308999, 8.428029564127755e-08]",3023.475586140881,-2228.008606321428,[1],-8468.396297799245,2228.008606321428,0.19387690959512582,[0.]
87.7563265306122,0,0,[1.],[1.],"[1.0, 0.0, 0.0]",,,,,,,
87.7563265306122,0,1,[2.02933413e-04 1.00000000e+00],[1.],"[1.0, 0.00020293341274393, 0.0]",,,,,,,
87.7563265306122,0,2,[7.65907695e-08 2.02933413e-04 1.00000000e+00],[1.],"[1.0, 0.00020293341274393, 7.659076950026087e-08]",,,,,,,
87.7563265306122,1,0,[1.],[-2.02933413e-04  1.00000000e+00],"[1.0, 0.00020293341274393, 4.1181970007898246e-08]",4927.72474714079,-4927.72474714079,[1],,,0.0,[0.]
87.7563265306122,1,1,[-1.74484818e-04  1.00000000e+00],[-3.7741823e-04  1.0000000e+00],"[1.0, 0.00020293341274393, 7.659076950026087e-08]",2649.580544340122,-1424.6487823856367,[1],,,0.46231157779713933,[0.46231158]
87.7563265306122,2,0,[1.],[-3.54087995e-08 -2.02933413e-04  1.00000000e+00],"[1.0, 0.00020293341274393, 7.659076950026087e-08]",3172.0622223365235,-2338.7915253830583,[1],-8903.219890861856,2338.7915253830583,0.19368421403809194,[0.]
89.7969387755102,0,0,[1.],[1.],"[1.0, 0.0, 0.0]",,,,,,,
89.7969387755102,0,1,[1.93858983e-04 1.00000000e+00],[1.],"[1.0, 0.00019385898264419, 0.0]",,,,,,,
89.7969387755102,0,2,[6.96662405e-08 1.93858983e-04 1.00000000e+00],[1.],"[1.0, 0.00019385898264419, 6.966624048017089e-08]",,,,,,,
89.7969387755102,1,0,[1.],[-1.93858983e-04  1.00000000e+00],"[1.0, 0.00019385898264419, 3.7581305151840356e-08]",5158.388774975707,-5158.388774975707,[1],,,0.0,[0.]
89.7969387755102,1,1,[-1.6550657e-04  1.0000000e+00],[-3.59365553e-04  1.00000000e+00],"[1.0, 0.00019385898264419, 6.966624048017089e-08]",2782.6818457265267,-1501.111799114532,[1],,,0.4605521283649987,[0.46055213]
89.7969387755102,2,0,[1.],[-3.20849353e-08 -1.93858983e-04  1.00000000e+00],"[1.0, 0.00019385898264419, 6.966624048017089e-08]",3326.7184035422656,-2454.9873628970686,[1],-9368.774610307168,2454.9873628970686,0.1933747165406604,[0.]
91.83755102040821,0,0,[1.],[1.],"[1.0, 0.0, 0.0]",,,,,,,
91.83755102040821,0,1,[1.85378998e-04 1.00000000e+00],[1.],"[1.0, 0.00018537899806366, 0.0]",,,,,,,
91.83755102040821,0,2,[6.34188567e-08 1.85378998e-04 1.00000000e+00],[1.],"[1.0, 0.00018537899806366, 6.341885667553187e-08]",,,,,,,
91.83755102040821,1,0,[1.],[-1.85378998e-04  1.00000000e+00],"[1.0, 0.00018537899806366, 3.436537292308646e-08]",5394.354325167921,-5394.354325167921,[1],,,0.0,[0.]
91.83755102040821,1,1,[-1.56724786e-04  1.00000000e+00],[-3.42103784e-04  1.00000000e+00],"[1.0, 0.00018537899806366, 6.341885667553187e-08]",2923.089563284141,-1583.9620610599563,[1],,,0.45812058550804446,[0.45812059]
91.83755102040821,2,0,[1.],[-2.90534838e-08 -1.85378998e-04  1.00000000e+00],"[1.0, 0.00018537899806366, 6.341885667553187e-08]",3487.8175180153135,-2577.0174041373925,[1],-9868.42920793208,2577.0174041373925,0.1929447289357855,[0.]
93.87816326530609,0,0,[1.],[1.],"[1.0, 0.0, 0.0]",,,,,,,
93.87816326530609,0,1,[1.77442721e-04 1.00000000e+00],[1.],"[1.0, 0.00017744272061373, 0.0]",,,,,,,
93.87816326530609,0,2,[5.77872427e-08 1.77442721e-04 1.00000000e+00],[1.],"[1.0, 0.00017744272061373, 5.778724270664109e-08]",,,,,,,
93.87816326530609,1,0,[1.],[-1.77442721e-04  1.00000000e+00],"[1.0, 0.00017744272061373, 3.148591909880224e-08]",5635.621436265461,-5635.621436265461,[1],,,0.0,[0.]
93.87816326530609,1,1,[-1.48224303e-04  1.00000000e+00],[-3.25667024e-04  1.00000000e+00],"[1.0, 0.00017744272061373, 5.778724270664109e-08]",3070.62099353873,-1673.0565373477025,[1],,,0.4551406569328531,[0.45514066]
93.87816326530609,2,0,[1.],[-2.63013236e-08 -1.77442721e-04  1.00000000e+00],"[1.0, 0.00017744272061373, 5.778724270664109e-08]",3655.234822367234,-2704.7660117788373,[1],-10401.766793892992,2704.7660117788373,0.19241414959006192,[0.]
95.91877551020409,0,0,[1.],[1.],"[1.0, 0.0, 0.0]",,,,,,,
95.91877551020409,0,1,[1.70004704e-04 1.00000000e+00],[1.],"[1.0, 0.00017000470435971998, 0.0]",,,,,,,
95.91877551020409,0,2,[5.24110208e-08 1.70004704e-04 1.00000000e+00],[1.],"[1.0, 0.00017000470435971998, 5.24110208192241e-08]",,,,,,,
95.91877551020409,1,0,[1.],[-1.70004704e-04  1.00000000e+00],"[1.0, 0.00017000470435971998, 2.8901599504435795e-08]",5882.190165067777,-5882.190165067777,[1],,,0.0,[0.]
95.91877551020409,1,1,[-1.38286887e-04  1.00000000e+00],[-3.08291591e-04  1.00000000e+00],"[1.0, 0.00017000470435971998, 5.24110208192241e-08]",3243.682372570067,-1788.700303605459,[1],,,0.4485587372143907,[0.44855874]
95.91877551020409,2,0,[1.],[-2.35094213e-08 -1.70004704e-04  1.00000000e+00],"[1.0, 0.00017000470435971998, 5.24110208192241e-08]",3841.4872338317587,-2852.0337396222462,[1],-11072.830876168913,2852.0337396222462,0.1912279005038681,[0.]
97.959387755102,0,0,[1.],[1.],"[1.0, 0.0, 0.0]",,,,,,,
97.959387755102,0,1,[1.63024151e-04 1.00000000e+00],[1.],"[1.0, 0.00016302415092255, 0.0]",,,,,,,
97.959387755102,0,2,[4.77645422e-08 1.63024151e-04 1.00000000e+00],[1.],"[1.0, 0.00016302415092255, 4.776454224639657e-08]",,,,,,,
97.959387755102,1,0,[1.],[-1.63024151e-04  1.00000000e+00],"[1.0, 0.00016302415092255, 2.6576873784018354e-08]",6134.060471046913,-6134.060471046913,[1],,,0.0,[0.]
97.959387755102,1,1,[-1.2996644e-04  1.0000000e+00],[-2.92990591e-04  1.00000000e+00],"[1.0, 0.00016302415092255, 4.776454224639657e-08]",3413.078891902262,-1899.0858628363983,[1],,,0.443585711615956,[0.44358571]
97.959387755102,2,0,[1.],[-2.11876685e-08 -1.63024151e-04  1.00000000e+00],"[1.0, 0.00016302415092255, 4.776454224639657e-08]",4026.7214759873937,-2997.0823687593074,[1],-11721.015504234205,2997.0823687593074,0.19031828970241876,[0.]
100.0,0,0,[1.],[1.],"[1.0, 0.0, 0.0]",,,,,,,
100.0,0,1,[1.56464346e-04 1.00000000e+00],[1.],"[1.0, 0.00015646434600398, 0.0]",,,,,,,
100.0,0,2,[4.35641450e-08 1.56464346e-04 1.00000000e+00],[1.],"[1.0, 0.00015646434600398, 4.356414497913672e-08]",,,,,,,
100.0,1,0,[1.],[-1.56464346e-04  1.00000000e+00],"[1.0, 0.00015646434600398, 2.4481091570453177e-08]",6391.232415176317,-6391.232415176317,[1],,,0.0,[0.]
100.0,1,1,[-1.2196423e-04  1.0000000e+00],[-2.78428576e-04  1.00000000e+00],"[1.0, 0.00015646434600398, 4.356414497913672e-08]",3591.5853755172348,-2018.3095640519618,[1],,,0.43804494310223685,[0.43804494]
100.0,2,0,[1.],[-1.90830534e-08 -1.56464346e-04  1.00000000e+00],"[1.0, 0.00015646434600398, 4.356414497913672e-08]",4219.627774234847,-3149.496088028454,[1],-12418.753074213444,3149.496088028454,0.18929102036525258,[0.]
